id,name,symbol,llamaId,logoUrl,pegCurrency,causeOfDeath,causeLabel,deathDate,deathDatePrecision,peakMcapUsd,epitaph,obituary,sourceUrl,sourceLabel,archivedDataAvailable,contracts,pharosUrl
mim-abracadabra,Magic Internet Money,MIM,10,https://pharos.watch/logos/10-mim.png,USD,liquidity-drain,Liquidity Drain,2026-07,month,3637068698,The magic ran out at nine cents,"Once one of DeFi's largest CDP stablecoins, MIM peaked above $3.6B before repeated cauldron exploits and years of thinning liquidity hollowed out its market. The final break began on June 8, 2026. Abracadabra injected liquidity, offered SPELL incentives, raised rates across every cauldron, and suspended Curve bribes to force debt repayment, but none restored the peg. By July 26 MIM traded near $0.09 with roughly $3M circulating after seven weeks below peg, leaving no credible liquidity or arbitrage path back to one dollar.",https://kerne.fi/insights/mim-depeg-onchain-collateral-still-lost-peg,Kerne Insights,true,ethereum:0x99d8a9c45b2eca8864373a26d1459e3dff1e17f3; arbitrum:0xfea7a6a0b346362bf88a9e4a88416b77a57d6c2a; avalanche:0x130966628846bfd36ff31a822705796e8cb8c18d; fantom:0x82f0b8b456c1a451378467398982d4834b6829c1; bsc:0xfe19f0b51438fd612f6fd59c1dbb3ea319f433ba; optimism:0xb153fb3d196a8eb25522705560ac152eeec57901; polygon:0x49a0400587a7f65072c87c4910449fdcc5c47242; kava:0x471ee749ba270eb4c1165b5ad95e614947f6fceb; blast:0x76da31d7c9cbeae102aff34d3398bc450c8374c1; moonriver:0x0cae51e1032e8461f4806e26332c030e34de3adb; nibiru:0xfcfc58685101e2914cbcf7551b432500db84eaa8; base:0x4a3a6dd60a34bb2aba60d73b4c88315e9ceb6a3d; linea:0xdd3b8084af79b9bae3d1b668c0de08ccc2c9429a; berachain:0x5b82028cfc477c4e7dda7ff33d59a23fa7be002a,https://pharos.watch/stablecoin/mim-abracadabra/
ebusd-ebisu,Ebisu ebUSD,ebUSD,288,https://pharos.watch/logos/cg-ebusd.png,USD,abandoned,Abandoned,2026-07,month,815495,Fixed-rate credit that never found its market,"Ebisu offered fixed-rate, open-term credit through ebUSD, a Liquity v2 fork minting against weETH, sUSDe, WBTC, LBTC, and stcUSD branches natively on Ethereum and Plasma. Launched in June 2025, it never found scale: supply peaked near $815K and sat below $25K by July 2026. The team explored just-in-time liquidations, multichain issuance, structured looping and leverage vaults, and acquisition options, but could not grow ebUSD liquidity enough to support meaningful borrowing activity. On July 29, 2026 Ebisu announced it would wind down: minting was paused, users were asked to close Troves and withdraw Stability Pool deposits and DEX liquidity, and the frontend will be deprecated on October 30. An orderly, solvent sunset. Collateral redemption remained open throughout.",https://x.com/ebisu_finance/article/2082271723941159415,Ebisu sunset announcement,true,ethereum:0x09fd37d9aa613789c517e76df1c53aece2b60df4; plasma:0xef7b1a03e0897c33b63159e38d779e3970c0e2fc,https://pharos.watch/stablecoin/ebusd-ebisu/
susd-synthetix,sUSD,sUSD,22,https://pharos.watch/logos/22-susd.png,USD,algorithmic-failure,Algorithmic Failure,2026-06,month,328803410,Saved the protocol at the cost of its dollar,"Launched in 2018, sUSD was Synthetix's flagship synthetic dollar, an overcollateralized stablecoin minted against staked SNX. Its peg held for years on a single reflex: whenever sUSD slipped below $1, stakers bought it back at a discount to repay their debt at par. SIP-420 (April 2025) dismantled that reflex, cutting the required collateral ratio from 750% to 200% and pooling debt collectively. Minting got cheap, but no individual was left with a reason to defend the dollar. sUSD fell to $0.68 within weeks and never recovered, drifting below peg for over a year as supply bled from a ~$329M peak toward a functionally insolvent tail near $0.23. In June 2026 Synthetix governance stopped repairing it and passed SIP-423: the contract was frozen, a holder snapshot taken, and sUSD made permanently non-transferable, with remaining holders repaid in vested SNX on a 4:1 schedule.",https://sips.synthetix.io/sips/sip-423/,SIP-423: sUSD wind-down (Synthetix SIPs),true,ethereum:0x57ab1ec28d129707052df4df418d58a2d46d5f51; optimism:0x8c6f28f2f1a3c87f0f938b96d27520d9751ec8d9; fantom:0x0e1694483ebb3b74d3054e383840c6cf011e518e; arbitrum:0xa970af1a584579b618be4d69ad6f73459d112f95,https://pharos.watch/stablecoin/susd-synthetix/
ausdt-tether-alloy,Alloy Tether,aUSD₮,,https://pharos.watch/logos/ausdt-tether-alloy.png,USD,abandoned,Abandoned,2026-06-17,day,50122663,Tether closed the gold-dollar experiment,"Tether began winding down Alloy by Tether and aUSDt on June 17, 2026 after reviewing activity, demand, and product priorities. New positions and minting were closed, while existing users were given until September 17, 2026 to return aUSDt and recover XAUt collateral. The protocol remains available only to unwind existing exposure, so Pharos freezes it as an archived wind-down asset rather than an active issuance venue.",https://tether.io/news/tether-updates-users-on-strategic-changes-to-its-product-support-offering/,Tether Alloy by Tether wind-down announcement,true,ethereum:0x9eead9ce15383caeed975427340b3a369410cfbf,https://pharos.watch/stablecoin/ausdt-tether-alloy/
msusd-main-street,Main Street USD,MSUSD,297,https://pharos.watch/logos/297-msusd.png,USD,counterparty-failure,Counterparty Failure,2026-06-20,day,,Verification failed before the dollar did,"Main Street's msUSD collapsed after Accountable terminated its verification relationship on June 20, 2026, saying the protocol failed verification standards. msUSD fell far below the dollar and remained around $0.29-$0.33 in the following week while independent on-chain analysts reported minimal immediately redeemable reserves against tens of millions of tokens. Main Street disputed the characterization and said assets remained backed, but the combination of failed third-party verification, unresolved redemption capacity, and persistent market pricing made msUSD unsuitable for active stablecoin tracking.",https://finance.yahoo.com/markets/crypto/articles/main-street-msusd-stablecoin-loses-201216552.html,Yahoo Finance msUSD depeg report,true,ethereum:0x4ba01f22827018b4772cd326c7627fb4956a7c00; sonic:0xe5fb2ed6832def99dde57c0b9d9a56537c89121d,https://pharos.watch/stablecoin/msusd-main-street/
msy-main-street,Main Street Yield,msY,,https://pharos.watch/logos/msy-main-street.png,USD,counterparty-failure,Counterparty Failure,2026-06-20,day,,The wrapper followed the parent down,"msY is a strategy-vault wrapper over msUSD, so the June 2026 msUSD collapse impaired the wrapper's durable dollar backing. As msUSD depegged after Accountable terminated reserve verification, msY also traded far below its prior net-asset value and could not recover independently from the parent asset. Pharos freezes msY with msUSD as a derivative collapse rather than treating the vault share as an active stablecoin-like dollar instrument.",https://protos.com/latest-defi-yield-vault-drama-wipes-out-69m-of-msusd-and-avlt-market-cap-1/,Protos Main Street vault collapse report,true,ethereum:0x890a5122aa1da30fec4286de7904ff808f0bd74a,https://pharos.watch/stablecoin/msy-main-street/
usdk-orki,Orki USD,USDK,265,https://pharos.watch/logos/usdk-orki.jpg,USD,abandoned,Abandoned,2026-06-30,day,,A CDP stranded on a shuttered chain,"Orki USDK was deployed only on Swellchain. Swellchain shut down its bridge flow in June 2026 and moved to halt chain operations on June 30, leaving remaining positions dependent on direct contract access or unrecoverable as the network wound down. Because USDK had no verified deployment outside Swellchain, Pharos freezes it as a discontinued single-chain CDP stablecoin.",https://cryptoslate.com/swellchain-shutdown-users-left-behind-when-crypto-projects-move-on/,CryptoSlate Swellchain shutdown report,true,swellchain:0x0000baa0b1678229863c0a941c1056b83a1955f5,https://pharos.watch/stablecoin/usdk-orki/
gyen-gyen,GYEN,GYEN,122,https://pharos.watch/logos/122-gyen.png,JPY,abandoned,Abandoned,2026-05,month,216000000,"Pristine custody, wound down for want of demand","GYEN was GMO-Z.com Trust's NYDFS-chartered yen stablecoin, backed by FDIC-insured cash and short-dated U.S. Treasury bills, with monthly Network Firm attestations and one of the most tightly regulated issuer stacks of any JPY stablecoin. Its weakness was never custody but demand: thin secondary liquidity and a history of depegs (most infamously a squeeze above 1.5x peg in 2021 that triggered the Donovan v. Coinbase class action) left it trading more like a neglected FX derivative than a stablecoin. On May 15, 2026 GMO-Z.com Trust Company announced an orderly wind-down of GYEN and ZUSD, disabling purchases and opening a redemption-only window through November 11, 2026; parent GMO Internet Group moved to dissolve the U.S. subsidiary and recorded a ¥2.2bn write-down. With issuance ended and only redemption remaining, Pharos freezes GYEN as an archived wind-down asset rather than an active redeemable stablecoin.",https://stablecoin.z.com/press/,GMO Trust GYEN/ZUSD wind-down announcement,true,ethereum:0xc08512927d12348f6620a698105e1baac6ecd911; arbitrum:0x589d35656641d6ab57a545f08cf473ecd9b6d5f7; solana:Crn4x1Y2HUKko7ox2EZMT6N2t2ZyH7eKtwkBGVnhEq1g; stellar:GYEN-GDF6VOEGRWLOZ64PQQGKD2IYWA22RLT37GJKS2EJXZHT2VLAGWLC5TOB,https://pharos.watch/stablecoin/gyen-gyen/
usdh-native-markets,USDH Stablecoin,USDH,321,https://pharos.watch/logos/321-usdh.png,USD,abandoned,Abandoned,2026-05-14,day,106412008,A Hyperliquid native made way for USDC,"Native Markets and Bridge announced USDH's sunset in May 2026 as Hyperliquid markets migrated to USDC. New issuance ended except to support migration liquidity; the USDH dashboard was scheduled to close on July 17, while Bridge continued USDH-to-USDC and fiat redemption for onboarded holders. USDH remained fully backed during the transition, but its role as an active stablecoin product ended, so Pharos freezes it as an archived migration asset.",https://usdh.com/migration,USDH migration and sunset notice,true,hyperevm:0x111111a1a0667d36bd57c0a9f569b98057111111; hyperliquid:0x54e00a5988577cb0b0c9ab0cb6ef7f4b,https://pharos.watch/stablecoin/usdh-native-markets/
usdh-hubble-2026-05,Hubble USDH,USDH,65,,USD,abandoned,Abandoned,2026-05,month,14000000,"First Solana CDP, last one standing","Hubble Protocol launched USDH in 2022 as one of the earliest Solana CDP stablecoins, peaking near $14M. By May 2026 CoinGecko reports a $0 market cap, on-DEX volume has collapsed, and the redemption pool no longer offers a credible exit. The asset is treated as wound down; future coverage scans should skip it. Symbol collides with Native Markets USDH (tracked) and Hermetica USDH (tracked).",https://www.coingecko.com/en/coins/usdh,CoinGecko,false,,https://pharos.watch/cemetery/#usdh-hubble-2026-05
euroe-membrane,EUROe,EUROe,98,https://pharos.watch/logos/98-euroe.png,EUR,abandoned,Abandoned,2026-05,month,3377858,"Acquired, integrated, retired","Paxos completed its acquisition of Membrane Finance in February 2025 to absorb its Finnish EMI license and EU stablecoin issuance rails. As Paxos consolidated its product lineup, the EUROe business line was decommissioned and the platform transitioned to redemption-only mode in May 2026, with no new minting or trading. Existing holders were instructed to complete KYC and redeem outstanding EUROe 1:1 for euros via SEPA through Paxos Issuance Europe.",https://www.paxos.com/euroe-redemptions,Paxos EUROe Redemption Notice,true,ethereum:0x820802fa8a99901f52e39acd21177b0be6ee2974; polygon:0x820802fa8a99901f52e39acd21177b0be6ee2974; avalanche:0x820802fa8a99901f52e39acd21177b0be6ee2974; optimism:0x820802fa8a99901f52e39acd21177b0be6ee2974; arbitrum:0xcf985aba4647a432e60efceeb8054bbd64244305; solana:2VhjJ9WxaGC3EZFwJG9BDUs9KxKCAjQY4vgd1qxgYWVg,https://pharos.watch/stablecoin/euroe-membrane/
fusd-fedz-2026-05,The Fedz FUSD,FUSD,,,USD,abandoned,Abandoned,2026-05,month,1700000,"Quiet exit on Arbitrum: protocol site offline, no on-chain activity","The Fedz launched FUSD as a synthetic dollar on Arbitrum (contract 0x894341be568eae3697408c420f1d0acfce6e55f9) and traded near peg through late 2025. By May 2026 the protocol's homepage no longer resolved, no DefiLlama TVL was indexed, and 24h on-DEX volume had collapsed to ~$100 against ~$1.5M circulating. No exploit or formal wind-down announcement was made. Pharos categorizes this as abandonment based on the loss of project infrastructure and the ~7% sustained depeg with no redemption path.",https://www.coingecko.com/en/coins/fusd-by-the-fedz,CoinGecko (issuer site offline),false,,https://pharos.watch/cemetery/#fusd-fedz-2026-05
eurr-stablr,StablR Euro,EURR,239,https://pharos.watch/logos/239-eurr.png,EUR,counterparty-failure,Counterparty Failure,2026-05,month,,A mint key broke the euro rail,"StablR suspended EURR minting and redemption after a May 24, 2026 cybersecurity incident let an attacker mint 4.5M unbacked EURR as part of a coordinated EURR/USDR exploit. StablR disclosed that the affected tokens were temporarily not backed 1:1 under MiCAR while recovery work continued. With no public restoration of minting, redemption, or full backing confirmed, Pharos freezes EURR as an archived incident asset rather than treating it as an active redeemable stablecoin.",https://www.stablr.com/insights/stablr-discloses-cybersecurity-incident-affecting-usdr-and-eurr-token-operations,StablR cybersecurity incident disclosure,true,ethereum:0x50753cfaf86c094925bf976f218d043f8791e408; solana:HViRSvsTpwubWHevjSPxNB22Fg3kdzXtedfQXmMoHtoZ,https://pharos.watch/stablecoin/eurr-stablr/
usdr-stablr,StablR USD,USDR,240,https://pharos.watch/logos/240-usdr.png,USD,counterparty-failure,Counterparty Failure,2026-05,month,,A two-signer mint key broke the backing,"StablR suspended USDR minting and redemption after a May 24, 2026 cybersecurity incident let an attacker mint 8.35M unbacked USDR as part of a coordinated USDR/EURR exploit. StablR disclosed that the affected tokens were temporarily not backed 1:1 under MiCAR while recovery work continued. With no public restoration of minting, redemption, or full backing confirmed, Pharos freezes USDR as an archived incident asset rather than treating it as an active redeemable stablecoin.",https://www.stablr.com/insights/stablr-discloses-cybersecurity-incident-affecting-usdr-and-eurr-token-operations,StablR cybersecurity incident disclosure,true,ethereum:0x7b43e3875440b44613dc3bc08e7763e6da63c8f8,https://pharos.watch/stablecoin/usdr-stablr/
wemix-dollar-wemix,WEMIX Dollar,WEMIX$,,https://pharos.watch/logos/wemix-dollar-wemix.png,USD,abandoned,Abandoned,2026-04,month,22400000,The game-chain dollar stepped aside for bridged USDC,"WEMIX transitioned its USD stablecoin activity from WEMIX$ to USDC.e, withdrawing Foundation liquidity from WEMIX$ pools and ending swap support across WEMIX.Fi and WEMIX PLAY in April 2026. Holders retained a conversion route through the WEMIX$ Module and a longer claim window for discontinued liquidity pools, but the ecosystem's active dollar rail became USDC.e. Pharos freezes WEMIX$ as the retired native stablecoin while keeping its residual supply and history available in the archive.",https://www.wemix.com/news/wemix30-usd-stablecoin-transition-plan-5cfef91c838e,WEMIX3.0 USD stablecoin transition plan,true,,https://pharos.watch/stablecoin/wemix-dollar-wemix/
buck-buck-assets,Buck,BUCK,,https://pharos.watch/logos/buck-buck-assets.png,USD,abandoned,Abandoned,2026-04,month,2751010,The savings coin closed the vault,"By April 2026, Buck's public site had become a shutdown notice saying the project was closed and funds were returned to token holders, while the former transparency page no longer served a reserve disclosure. Pharos freezes BUCK as a discontinued archive rather than an active yield-bearing stablecoin: the last live cache showed only about $4.6K of residual supply, no reliable price, and no working issuer reserve feed. The failure mode was an orderly wind-down rather than an oracle or collateral break, but live monitoring no longer has an active issuer disclosure surface to follow.",https://www.buck.io/,Buck shutdown notice,true,ethereum:0xdb13997f4d83ef343845d0baeb27d1173df8c224,https://pharos.watch/stablecoin/buck-buck-assets/
usnd-nerite,Nerite USND,USND,287,https://pharos.watch/logos/287-usnd.png,USD,counterparty-failure,Counterparty Failure,2026-04,month,2712729,Immutable credit met mutable collateral,"Nerite built USND on immutable Liquity V2-style contracts, but one of its approved collateral branches depended on rsETH. After the rsETH hack impaired that collateral, Nerite could not patch the market away or rewrite the risk controls. Supply collapsed from a $2.7M peak to under $100K, leaving USND as an archived case study in how immutable CDP systems can still inherit external collateral failure when a supported asset breaks upstream.",https://x.com/NeriteOrg/status/2045635669775487192?s=20,Nerite post-incident update,true,arbitrum:0x4ecf61a6c2fab8a047ceb3b3b263b401763e9d49,https://pharos.watch/stablecoin/usnd-nerite/
usr-resolv,Resolv USD,USR,197,https://pharos.watch/logos/197-usr.png,USD,counterparty-failure,Counterparty Failure,2026-03,month,586592926,When one key minted eighty million,"On 22 March 2026, an attacker exploited Resolv's single-EOA minter: no oracle, no amount cap, no max-mint guard, depositing 100K USDC and receiving 50M USR in return, then iterating until 80M unbacked USR existed for ~$25M of extracted ETH. USR crashed to $0.025 in 17 minutes; the RLP insurance layer absorbed the bad debt and was wiped out, dragging Stream Finance's $17M position down with it. Resolv burned 46M of the unbacked supply via a blacklist freeze, but USR never recovered; by April it traded at $0.16 with $95M of collateral against $173M of liabilities. Delta-neutral collateral and Apostro-attested reserves were no defense against an operator-level privilege failure.",https://www.theblock.co/post/394582/resolvs-usr-stablecoin-depegs-after-attacker-mints-80-million-unbacked-tokens-extracts-roughly-25-million,The Block,true,ethereum:0x66a1e37c9b0eaddca17d3662d6c05f4decf3e110; base:0x35e5db674d8e93a03d814fa0ada70731efe8a4b9; bsc:0x2492d0006411af6c8bbb1c8afc1b0197350a79e9; berachain:0x2492d0006411af6c8bbb1c8afc1b0197350a79e9; hyperevm:0x0ad339d66bf4aed5ce31c64bc37b3244b6394a77; arbitrum:0x2492d0006411af6c8bbb1c8afc1b0197350a79e9; soneium:0xb1b385542b6e80f77b94393ba8342c3af699f15c,https://pharos.watch/stablecoin/usr-resolv/
eura-angle-eura-2026-03,Angle EURA,EURA,,https://pharos.watch/logos/cemetery/eura.png,EUR,abandoned,Abandoned,2026-03,month,200000000,"DeFi's first Euro, last out","Launched in late 2021 as agEUR, the first fully decentralized euro stablecoin, it briefly held the #1 spot among euro stablecoins with over 180 million tokens in circulation (~$200M). Tether's EURT overtook it in January 2022, and four years of slow erosion followed. A rebrand to EURA in March 2024 barely registered. By the time the team called it, EURA had fallen 98% to under $4M, ranking 10th among euro stablecoins. AIP-112 passed with just four voters (one casting 98% of the votes), a final measure of how few were still watching. The Angle team has moved on to Merkl, their DeFi incentive platform. Holders can redeem 1:1 for EURC until March 1, 2027.",https://www.dlnews.com/articles/markets/angle-to-shutter-euro-stablecoin-eura/,DL News,false,ethereum:0x1a7e4e63778b4f12a199c062f3efdd288afcbce8,https://pharos.watch/cemetery/#eura-angle-eura-2026-03
usda-angle-usda-2026-03,Angle USDA,USDA,192,https://pharos.watch/logos/cemetery/usda-angle.png,USD,abandoned,Abandoned,2026-03,month,,"Late arrival, early exit","Launched in April 2024 as Angle's yield-bearing USD stablecoin, backed by T-bills and DeFi lending, USDA arrived just as yield-bearing stablecoins became a commodity. It never found meaningful adoption. Wound down alongside EURA via AIP-112 in March 2026; holders can redeem 1:1 for USDC through the Angle Transmuter until March 1, 2027.",https://blockonomi.com/angle-protocol-winds-down-eura-and-usda-stablecoins-after-community-governance-vote/,Blockonomi,false,ethereum:0x0000206329b97db379d5e1bf586bbdb969c63274,https://pharos.watch/cemetery/#usda-angle-usda-2026-03
usx-dforce,dForce USD,USX,44,https://pharos.watch/logos/usx-dforce.png,USD,counterparty-failure,Counterparty Failure,2026-02,month,205982075,"Overcollateralized on paper, unredeemable in practice","USX was dForce's CDP-style stablecoin, launched in 2021 and peaking above $205M in mid-2022. It never fully recovered the peg after the 2022 bear market: legacy debt positions on the dForce/Unitus lending protocol left circulating USX without a credible par-redemption route, and the discount widened from cents to a chasm. The terminal slide came in early 2026: below $0.75 in February, below $0.45 by April, and roughly $0.39 by July, with on-chain liquidity measured in tens of thousands of dollars and daily volume under $10. With the DF governance token near zero, no published remediation plan, and no redemption at par, Pharos froze USX as a collapsed archive asset.",https://www.coingecko.com/en/coins/dforce-usd,CoinGecko USX market data,true,ethereum:0x0a5e677a6a24b2f1a2bf4f3bffc443231d2fdec8; bsc:0xb5102cee1528ce2c760893034a4603663495fd72; arbitrum:0x641441c631e2f909700d2f41fd87f0aa6a6b4edb; optimism:0xbfd291da8a403daaf7e5e9dc1ec0aceacd4848b9; base:0xc142171b138db17a1b7cb999c44526094a4dae05; polygon:0xcf66eb3d546f0415b368d98a95eaf56ded7aa752; kava:0xdb0e1e86b01c4ad25241b1843e407efc4d615248; avalanche:0x853ea32391aaa14c112c645fd20ba389ab25c5e0,https://pharos.watch/stablecoin/usx-dforce/
gyd-gyroscope-gyd-2026-02,Gyroscope GYD,GYD,185,https://pharos.watch/logos/cemetery/gyd.png,USD,counterparty-failure,Counterparty Failure,2026-02,month,26793861,Gyro stopped spinning,"Gyroscope's cross-chain GYD contract was exploited at the end of January 2026. The team told users not to interact with GYD, paused Gyro liquidity pools containing the token, and later offered a settlement to recover enough ETH to make users whole. The recovery never materialized publicly: Ethereum transfers stopped on January 31, Etherscan now reports 0 circulating GYD and $0 circulating market cap, CoinGecko no longer resolves the token through its API, and the remaining Balancer pools are one-sided GYD with zero volume.",https://x.com/GyroStable/status/2017546048114250219,Gyroscope,false,ethereum:0xe07f9d810a48ab5c3c914ba3ca53af14e4491e8a; polygon:0xca5d8f8a8d49439357d3cf46ca2e720702f132b8,https://pharos.watch/cemetery/#gyd-gyroscope-gyd-2026-02
cnht-tether-cnh-2026-02,Tether CNH,CNHT,,https://pharos.watch/logos/cemetery/cnht.png,CNH,abandoned,Abandoned,2026-02,month,2970000,"Low demand, long goodbye","Tether's offshore yuan experiment never became more than a footnote beside USD₮. On February 20, 2026, Tether stopped all new CNH₮ issuance and put the token on a one-year redemption clock, citing low interest, limited sustained demand, and the operational burden of keeping it alive. CNH₮ was supposed to give crypto a yuan rail; instead it spent most of its life as a thinly used side product. Holders can still redeem until February 20, 2027, but the decision itself was the death certificate.",https://tether.io/news/tether-updates-users-on-a-strategic-transition-for-cnht-to-better-support-community-driven-product-focus/,Tether,false,ethereum:0x6e109e9dd7fa1a58bc3eff667e8e41fc3cc07aef,https://pharos.watch/cemetery/#cnht-tether-cnh-2026-02
must-mustang-2026-01,Mustang Finance,MUST,328,https://pharos.watch/logos/cemetery/mustang.webp,USD,counterparty-failure,Counterparty Failure,2026-01,month,154000000,Wiped out alongside Saga Dollar in the IBC exploit,"Mustang Finance was a stablecoin on the SagaEVM chainlet. On January 21, 2026, an attacker abused IBC mechanics to drain Saga Dollar (sister stablecoin); the same exploit wiped out Mustang and Colt. Mustang's residual ~$77M reported circulating is legacy debt with no live redemption path.",https://cointelegraph.com/news/saga-pauses-sagaevm-after-7m-exploit,CoinTelegraph,false,,https://pharos.watch/cemetery/#must-mustang-2026-01
pusd-palm-usd-2026-01,Palm USD,PUSD,,https://pharos.watch/logos/cemetery/pusd-palm.png,USD,liquidity-drain,Liquidity Drain,2026-01,month,26000000,$2.8B promised. $81K left,"Palm USD promised to bridge Islamic finance and crypto with a Shariah-compliant, un-freezeable stablecoin backed by Gulf currencies. Despite announcing a $2.8B purchase agreement, actual circulating supply briefly touched $26M before collapsing to $81K. The billions sit perpetually 'unreleased.'",https://www.theblock.co/press-releases/378989/palm-usd-launches-pusd-a-global-free-stablecoin-backed-by-aed-and-sar,The Block,false,ethereum:0xFAF0cEe6B20e2Aaa4B80748a6AF4CD89609a3d78,https://pharos.watch/cemetery/#pusd-palm-usd-2026-01
d-saga-dollar-2026-01,Saga Dollar,D,308,https://pharos.watch/logos/cemetery/saga-dollar.svg,USD,counterparty-failure,Counterparty Failure,2026-01,month,6040000,"IBC minted, IBC drained","Saga Dollar was the native stablecoin of the SagaEVM chainlet, a Cosmos SDK-based L1 app-chain. On January 21, 2026, an attacker deployed malicious contracts that abused IBC mechanisms to mint tokens out of thin air, draining nearly $7M in USDC, yUSD, ETH, and tBTC to Ethereum mainnet. The chain was halted at block 6,593,800. Saga Dollar depegged to $0.75, and the sibling stablecoins Mustang and Colt were also wiped out. The exploit did not involve a consensus breach, just a creative reading of IBC semantics.",https://cointelegraph.com/news/saga-pauses-sagaevm-after-7m-exploit,CoinTelegraph,false,,https://pharos.watch/cemetery/#d-saga-dollar-2026-01
syusd-synnax-stablecoin-2026-01,Synnax Stablecoin,syUSD,236,https://pharos.watch/logos/cemetery/syusd.png,USD,counterparty-failure,Counterparty Failure,2026-01,month,3900000,Flash-loaned into irrelevance,"Synnax launched as the first SEI-backed stablecoin on the Sei network, allowing users to mint syUSD against SEI collateral. On January 9, 2026, an attacker exploited the protocol via a flash loan, borrowing approximately 1.96 million WSEI (~$240K) from the Synnax contract without repayment. The protocol migrated to a new contract but never recovered; trading volume dropped to $15/day and supply continued bleeding from its $3.9M peak. DefiLlama marks it dead from January 15, 2026.",https://www.techflowpost.com/en-US/newsletter/110877,TechFlow (BlockSec Alert),false,sei:0x059A6b0bA116c63191182a0956cF697d0d2213eC,https://pharos.watch/cemetery/#syusd-synnax-stablecoin-2026-01
usdl-lift-dollar-2025-12,Lift Dollar,USDL,244,https://pharos.watch/logos/cemetery/usdl.png,USD,abandoned,Abandoned,2025-12,month,128760000,"Yield-bearing prototype, sunset for USDG","Paxos International launched Lift Dollar in 2024 as a yield-bearing stablecoin regulated by ADGM (Abu Dhabi), distributing daily yield via rebase from T-bill reserves. It peaked at $128.7M on Ethereum before Paxos decided to consolidate around USDG and the Global Dollar Network. Minting ceased October 8, 2025; rebasing stopped December 8, 2025; remaining balances were auto-converted to USDG. A clean, regulated wind-down: no depeg, no drama, just strategic prioritization.",https://www.paxos.com/newsroom/winding-down-usdl-lift-dollar,Paxos Newsroom,false,ethereum:0xbdc7c08592ee4aa51d06c27ee23d5087d65adbcd,https://pharos.watch/cemetery/#usdl-lift-dollar-2025-12
uspd-us-permissionless-dollar-2025-12,US Permissionless Dollar,USPD,315,https://pharos.watch/logos/cemetery/uspd.png,USD,counterparty-failure,Counterparty Failure,2025-12,month,480000,Proxy had one too many hands,"Over-collateralized stETH-backed CDP exploited via a CPIMP (Clandestine Proxy In the Middle of Proxy) attack on December 4, 2025, allowing the attacker to mint ~98M fraudulent USPD tokens and drain ~237 stETH. Legitimate supply never exceeded $500K; V2 was announced but never launched.",https://en.cryptonomist.ch/2025/12/05/uspd-stablecoin-proxy-attack/,Cryptonomist,false,ethereum:0x476ef9ac6D8673E220d0E8BC0a810C2Dc6A2AA84,https://pharos.watch/cemetery/#uspd-us-permissionless-dollar-2025-12
deusd-elixir-deusd-2025-11,Elixir deUSD,DEUSD,210,https://pharos.watch/logos/cemetery/deusd.png,USD,counterparty-failure,Counterparty Failure,2025-11,month,301727222,97% gone overnight,"Lost 97% of value overnight when counterparty Stream Finance disclosed a $93M loss, wiping out 65% of deUSD's collateral.",https://beincrypto.com/elixir-deusd-stablecoin-collapse-stream-finance-loss/,BeInCrypto,false,ethereum:0x15700b564ca08d9439c58ca5053166e8317aa138,https://pharos.watch/cemetery/#deusd-elixir-deusd-2025-11
xusd-stream-finance-xusd-2025-11,Stream Finance xUSD,xUSD,,https://pharos.watch/logos/cemetery/xusd.png,USD,counterparty-failure,Counterparty Failure,2025-11,month,160000000,$93M loss broke three coins,"Yield-bearing stablecoin that collapsed when an external fund manager disclosed a $93M loss. xUSD plunged 77% from $1 to $0.26, freezing ~$160M in user deposits. The collapse exposed $285M in interconnected DeFi debt and caused cascading contagion that also toppled deUSD and Stables Labs USDX.",https://finance.yahoo.com/news/stream-finance-loses-93-million-225557903.html,Yahoo Finance,false,ethereum:0xe2fc85bfb48c4cf147921fbe110cf92ef9f26f94,https://pharos.watch/cemetery/#xusd-stream-finance-xusd-2025-11
yu-yu-2025-11,YU,YU,268,https://pharos.watch/logos/cemetery/yu.png,USD,counterparty-failure,Counterparty Failure,2025-11,month,153465803,Survived once. Not twice,"Yala's BTC-backed stablecoin survived its first death in September 2025 when a security breach minted 120 million unauthorized YU tokens, draining $7.6M. The team injected $5.5M and clawed back the peg. Two months later, runaway borrowing drained all liquidity pools and YU collapsed again to $0.44. This time, nobody came to resuscitate.",https://unchainedcrypto.com/yala-protocols-bitcoin-stablecoin-depegs/,Unchained,false,ethereum:0xE868084cf08F3c3db11f4B73a95473762d9463f7,https://pharos.watch/cemetery/#yu-yu-2025-11
usdx-stables-labs-usdx-2025-11,Stables Labs USDX,USDX,214,https://pharos.watch/logos/cemetery/usdx-stableslabs.png,USD,counterparty-failure,Counterparty Failure,2025-11,month,125000000,Founder drained the pool,"Synthetic USD backed by delta-neutral positions across exchanges. A Balancer V2 security flaw drained $1M, then contagion from Stream Finance's $93M loss accelerated a full collapse. USDX crashed 64% to $0.35 as founder Flex Yang's wallet was linked to addresses draining liquidity. Now trades at $0.01 to $0.04 with Discord shut down.",https://www.theblock.co/post/377917/synthetic-stablecoin-usdx-depegs-pancakeswap-lista,The Block,false,bsc:0xf3527ef8de265eaa3716fb312c12847bfba66cef,https://pharos.watch/cemetery/#usdx-stables-labs-usdx-2025-11
lvlusd-level-usd-2025-10,Level USD,LVLUSD,,https://pharos.watch/logos/cemetery/lvlusd.png,USD,abandoned,Abandoned,2025-10,month,185007045,Team acqui-hired away,The Level team was acqui-hired by another DeFi protocol and announced the sunsetting of lvlUSD. Users could unstake and redeem with cooldown periods reduced to 2 seconds.,https://level-money.gitbook.io/level-documentation,Level Docs,false,ethereum:0x7c1156e515aa1a2e851674120074968c905aaf37,https://pharos.watch/cemetery/#lvlusd-level-usd-2025-10
csusdl-coinshift-csusdl-2025-10,Coinshift csUSDL,csUSDL,,https://pharos.watch/logos/cemetery/csusdl.png,USD,counterparty-failure,Counterparty Failure,2025-10,month,142014760,Coinshift shifted away,"A yield-bearing wrapper around Paxos's USDL via Morpho Blue, killed by Paxos's decision to wind down USDL. Coinshift stopped accepting new deposits and raised borrow rates to close positions.",https://forum.morpho.org/t/notice-of-usdl-winddown/2062,Morpho Forum,false,ethereum:0xbEeFc011e94f43b8B7b455eBaB290C7Ab4E216f1,https://pharos.watch/cemetery/#csusdl-coinshift-csusdl-2025-10
pinto-pinto-2025-10,Pinto,PINTO,232,https://pharos.watch/logos/cemetery/pinto.png,USD,algorithmic-failure,Algorithmic Failure,2025-10,month,13100000,"Same algorithm, same end","Beanstalk's first fork tried to give the credit-based stablecoin model a clean shot on Base, free from the governance exploit that killed the original. Without collateral backing and with insufficient demand for protocol debt, the price slid relentlessly from $1 to $0.11, proving the flaw was in the design, not the implementation.",https://www.coingecko.com/en/coins/pinto,CoinGecko,false,base:0xb170000aeefa790fa61d6e837d1035906839a3c8,https://pharos.watch/cemetery/#pinto-pinto-2025-10
usdm-mountain-protocol-usdm-2025-08,Mountain Protocol USDM,USDM,132,https://pharos.watch/logos/cemetery/usdm-mountain.png,USD,abandoned,Abandoned,2025-08,month,154580000,Acquired into oblivion,"Mountain Protocol USDM was a regulated, yield-bearing stablecoin backed by U.S. Treasuries, earning an S&P stability assessment and peaking at $154.6M across Ethereum and Optimism. Anchorage Digital acquired Mountain Protocol in May 2025 and immediately began a three-phase wind-down: minting ceased May 12, yield dropped to zero June 11, and primary market redemption closed August 22. Remaining USDM was deposited into a Uniswap USDC pool for secondary market exit. The team and tech were absorbed; the stablecoin was not.",https://docs.mountainprotocol.com/wind-down-documentation/usdm-wind-down-overview,Mountain Protocol Docs,false,ethereum:0x59d9356e565ab3a36dd77763fc0d87feaf85508c,https://pharos.watch/cemetery/#usdm-mountain-protocol-usdm-2025-08
usdj-just-usdj-2025-08,JUST USDJ,USDJ,,https://pharos.watch/logos/cemetery/usdj.png,USD,abandoned,Abandoned,2025-08,month,121275798,Replaced by decree,"TRON's legacy decentralized stablecoin was deliberately sunset as the ecosystem shifted to USDD. CDP functions ended August 2025, and 95% of supply was redeemed at a fixed rate of 1 USDJ = 1.5532 TRX.",https://en.cryptonomist.ch/2025/11/18/usdj-stablecoin-retirement-tron/,Cryptonomist,false,tron:TMwFHYXLJaRUPeW6421aqXL4ZEzPRFGkGT,https://pharos.watch/cemetery/#usdj-just-usdj-2025-08
float-float-protocol-2025-07,Float Protocol,FLOAT,,https://pharos.watch/logos/cemetery/float.png,USD,abandoned,Abandoned,2025-07,month,4950000,The golden ratio experiment,"Float Protocol launched in 2021 with an ambitious vision: a floating-rate stablecoin backed by ETH, with a target price initialized at $1.618 (the golden ratio). Supply expanded and contracted via Dutch auctions using ETH and the BANK governance token. The protocol peaked at ~$5M market cap but never gained meaningful adoption. By 2025, the anonymous team had vanished, the website went dark, GitHub fell dormant, and supply froze at ~$654K. The contracts remain on Ethereum, an immutable monument to the idea that stability doesn't require a peg.",https://web.archive.org/web/2021*/floatprotocol.com,Wayback Machine,false,ethereum:0xb05097849bca421a3f51b249ba6cca4af4b97cb9,https://pharos.watch/cemetery/#float-float-protocol-2025-07
usdl-liquid-loans-usdl-2025-06,Liquid Loans USDL,USDL,152,https://pharos.watch/logos/cemetery/liquid-loans-usdl.png,USD,liquidity-drain,Liquidity Drain,2025-06,month,32700000,PulseChain sank,"A Liquity V1 fork on PulseChain where users minted USDL against PLS collateral at 110% minimum ratio. As PulseChain's ecosystem collapsed with PLS price down over 90%, USDL supply followed, from $33M peak to $3.4M. The immutable contracts still technically work, but with PulseChain abandoned by mainstream DeFi, nobody is using them.",https://defillama.com/stablecoin/liquid-loans-usdl,DefiLlama,false,,https://pharos.watch/cemetery/#usdl-liquid-loans-usdl-2025-06
jpyc-jpyc-v1,JPY Coin v1,JPYC,,https://pharos.watch/logos/jpyc-jpyc-v1.png,JPY,regulatory,Regulatory,2025-06-01,day,21528400,A prepaid yen rail yielded to Japan's new stablecoin regime,"JPYC Inc. permanently ended new issuance and exchange support for its prepaid JPYC series on June 1, 2025 as Japan's revised Payment Services Act took effect. Existing balances remain usable for the issuer's prepaid-payment services and transfers, but cannot be redeemed for cash and no longer have a primary issuance path. The separately tracked funds-transfer-token JPYC is the successor product; Pharos freezes v1 as its historical legacy series.",https://corporate.jpyc.co.jp/news/posts/prepaid-important-notice,JPYC Prepaid issuance and exchange termination notice,true,ethereum:0x2370f9d504c7a6e775bf6e14b3f12846b594cd53; polygon:0x6ae7dfc73e0dde2aa99ac063dcf7e8a63265108c; gnosis:0x417602f4fbdd471a431ae29fb5fe0a681964c11b,https://pharos.watch/stablecoin/jpyc-jpyc-v1/
dyad-dyad-v2-2025-06,DYAD v2,DYAD,207,https://pharos.watch/logos/cemetery/dyad.png,USD,liquidity-drain,Liquidity Drain,2025-06,month,20114876,Kerosene burned out,DYAD's novel Kerosene-token model for overcollateralized CDPs failed to sustain interest. Supply declined from $20M peak to near zero despite continued GitHub activity.,https://defillama.com/stablecoin/dyad,DefiLlama,false,ethereum:0xfd03723a9a3abe0562451496a9a394d2c4bad4ab,https://pharos.watch/cemetery/#dyad-dyad-v2-2025-06
mod-move-dollar-2025-06,Move Dollar,MOD,,https://pharos.watch/logos/cemetery/mod.png,USD,liquidity-drain,Liquidity Drain,2025-06,month,19484463,USDC came to Aptos,"Thala Labs' stablecoin on Aptos declined from $19M to near zero. Despite a $25.5M exploit in Nov 2024 (funds recovered), MOD simply failed to compete as USDT/USDC expanded on Aptos.",https://www.coingecko.com/en/coins/move-dollar,CoinGecko,false,aptos:0x6f986d146e4a90b828d8c12c14b6f4e003fdff11a8eecceceb63744363eaac01::mod_coin::MOD,https://pharos.watch/cemetery/#mod-move-dollar-2025-06
zusd-gmo-zusd-2025-06,GMO ZUSD,ZUSD,,https://pharos.watch/logos/cemetery/zusd.png,USD,liquidity-drain,Liquidity Drain,2025-06,month,19075074,"Zero users, zero supply",GMO Trust's NYDFS-regulated stablecoin failed to gain market share despite expansions to Solana and Bitstamp listing. Supply dwindled to essentially zero while GMO's JPY stablecoin (GYEN) continues.,https://www.coingecko.com/en/coins/zusd,CoinGecko,false,ethereum:0xc56c2b7e71b54d38aab6d52e94a04cbfa8f604fa,https://pharos.watch/cemetery/#zusd-gmo-zusd-2025-06
grai-gravita-grai-2025-06,Gravita GRAI,GRAI,,https://pharos.watch/logos/cemetery/grai.png,USD,liquidity-drain,Liquidity Drain,2025-06,month,15428881,Free wasn't enough,Gravita Protocol's interest-free borrowing model against LSTs failed to maintain adoption as competitors offered better terms. Supply dropped from $15M to near zero.,https://defillama.com/stablecoin/grai,DefiLlama,false,ethereum:0x15f74458aE0bFdAA1a96CA1aa779D715Cc1Eefe4,https://pharos.watch/cemetery/#grai-gravita-grai-2025-06
hyusd-high-yield-usd-2025-06,High Yield USD,HYUSD,,https://pharos.watch/logos/cemetery/hyusd.png,USD,liquidity-drain,Liquidity Drain,2025-06,month,11268731,Higher yields beckoned,"An RToken built on Reserve Protocol for yield-bearing exposure on Base. The Reserve platform thrives, but this individual RToken lost adoption as users moved to higher-yield alternatives.",https://defillama.com/stablecoin/high-yield-usd,DefiLlama,false,ethereum:0xacdf0dba4b9839b96221a8487e9ca660a48212be,https://pharos.watch/cemetery/#hyusd-high-yield-usd-2025-06
ist-agoric,Inter Stable Token,IST,135,https://pharos.watch/logos/135-ist.png,USD,abandoned,Abandoned,2025-06-26,day,,Inter Protocol sunset by governance,"Agoric governance approved Inter Protocol's wind-down in mid-2025, disabled new IST minting, and completed the sunset process on June 26, 2025. Pharos keeps IST as a frozen archive because the former vault and PSM dollar stablecoin no longer operates as an active mintable protocol asset.",https://community.agoric.com/t/sunset-inter-protocol-and-begin-wind-down-process/787,Agoric community sunset proposal,true,agoric:uist; osmosis:ibc/92BE0717F4678905E53F4E45B2DED18BC0CB97BF1F8B6A25AFEDF3D5A879B4D5,https://pharos.watch/stablecoin/ist-agoric/
l-bold-legacy-bold-2025-02,Legacy BOLD,L-BOLD,,https://pharos.watch/logos/cemetery/lbold.png,USD,abandoned,Abandoned,2025-02,month,34600000,Immutable. Unfixable,"The first casualty of Liquity's own immutability principle. Legacy BOLD launched as the flagship of Liquity V2: overcollateralized, decentralized, and permanently unchangeable. A Stability Pool vulnerability surfaced weeks after launch. The contracts couldn't be patched, so the team redeployed everything from scratch.",https://www.liquity.org/blog/liquity-v2-redeployment,Liquity Blog,false,ethereum:0xb01dd87b29d187f3e3a4bf6cdaebfb97f3d9ab98,https://pharos.watch/cemetery/#l-bold-legacy-bold-2025-02
usd-usd-2025-01,USD+,USD+,,https://pharos.watch/logos/cemetery/usd-plus.png,USD,abandoned,Abandoned,2025-01,month,73665779,Quietly wound down,"Overnight Finance quietly wound down operations, leaving USD+ without active management or yield strategies.",https://overnight.fi/,Overnight.fi,false,polygon:0x236eec6359fb44cce8f97e99387aa7f8cd5cde1f,https://pharos.watch/cemetery/#usd-usd-2025-01
usdv-verified-usd-2024-12,Verified USD,USDV,,https://pharos.watch/logos/cemetery/usdv.png,USD,abandoned,Abandoned,2024-12,month,26330184,"Verified, then voided","The Verified USD Foundation ceased support on December 31, 2024 and began removing all tokens from circulation. Backed by tokenized T-bills via Matrixport's STBT, the omnichain stablecoin never gained sufficient traction.",https://docs.usdv.money/docs,USDV Docs,false,ethereum:0x0e573ce2736dd9637a0b21058352e1667925c7a8,https://pharos.watch/cemetery/#usdv-verified-usd-2024-12
dai-overnight-dai-2024-12,Overnight DAI+,DAI+,,https://pharos.watch/logos/cemetery/dai-plus.png,USD,liquidity-drain,Liquidity Drain,2024-12,month,14696384,Overnight went dark,Overnight Finance's yield-bearing DAI wrapper declined from $15M to near zero as the broader protocol wound down. CoinGecko reports circulating supply at zero.,https://defillama.com/stablecoin/dai+,DefiLlama,false,optimism:0x970d50d09f3a656b43e11b0d45241a84e3a6e011,https://pharos.watch/cemetery/#dai-overnight-dai-2024-12
eurt-euro-tether-2024-11,Euro Tether,EURT,,https://pharos.watch/logos/cemetery/eurt.png,EUR,regulatory,Regulatory,2024-11,month,324057865,MiCA made it untenable,Peacefully retired by Tether as MiCA regulations made EU stablecoin issuance untenable. Holders given one year to redeem.,https://cointelegraph.com/news/tether-discontinues-euro-eurt-stablecoin,CoinTelegraph,false,ethereum:0xc581b735a1688071a1746c968e0798d642ede491,https://pharos.watch/cemetery/#eurt-euro-tether-2024-11
mkusd-prisma-mkusd-2024-11,Prisma mkUSD,mkUSD,,https://pharos.watch/logos/cemetery/mkusd.png,USD,liquidity-drain,Liquidity Drain,2024-11,month,184697162,Exploited. Never recovered,"After an $11.6M exploit in March 2024, Prisma Finance never recovered. Governance approved PIP-46 to decommission the protocol, reducing the debt ceiling to zero and introducing a PSM for orderly wind-down.",https://wavey.info/posts/2025/decomissioning-prisma-finance/,Wavey,false,ethereum:0x4591dbff62656e7859afe5e45f6f47d3669fbb28,https://pharos.watch/cemetery/#mkusd-prisma-mkusd-2024-11
ultra-prismalrt-ultra-2024-11,PrismaLRT ULTRA,ULTRA,,https://pharos.watch/logos/cemetery/ultra.png,USD,liquidity-drain,Liquidity Drain,2024-11,month,22649284,Fell with Prisma,Prisma's LRT-backed stablecoin was decommissioned alongside mkUSD after the March 2024 exploit. A stability pool bug discovered during wind-down allowed one user to drain ~14 ETH.,https://wavey.info/posts/2025/decomissioning-prisma-finance/,Wavey,false,ethereum:0x35282d87011f87508d457f08252bc5bfa52e10a0,https://pharos.watch/cemetery/#ultra-prismalrt-ultra-2024-11
bob-zkbob-bob-2024-10,zkBob BOB,BOB,,https://pharos.watch/logos/cemetery/bob.png,USD,abandoned,Abandoned,2024-10,month,16000251,Too private to notice,"zkBob's privacy-focused stablecoin was deliberately sunset as the protocol switched to USDC, USDT, and ETH. The team noted BOB ""did not receive enough consumer usage to justify ongoing support.""",https://blog.zkbob.com/tron-pool-closes-october-29-2024/,zkBob Blog,false,polygon:0xb0b195aefa3650a6908f15cdac7d92f8a5791b0b,https://pharos.watch/cemetery/#bob-zkbob-bob-2024-10
par-parallel-2024-09,Parallel,PAR,56,https://pharos.watch/logos/cemetery/par.png,EUR,abandoned,Abandoned,2024-09,month,25000000,Mimo went quiet,"Born from the ashes of TenX, Mimo Protocol launched PAR as one of the first decentralized Euro stablecoins in early 2021, peaking at $25M during DeFi summer. But the euro-pegged CDP model never found product-market fit, and the team quietly pivoted to KUMA Protocol, tokenizing Swiss government bonds instead of minting synthetic euros. By late 2024, PAR's supply had cratered 90%, the governance forum went dark, and the MIMO token flatlined at $0.003 with zero daily volume.",https://decrypt.co/146349/mimo-dao-launches-interest-paying-stablecoins-through-kuma-protocol,Decrypt,false,ethereum:0x68037790a0229e9ce6eaa8a99ea92964106c4703,https://pharos.watch/cemetery/#par-parallel-2024-09
uxd-uxd-stablecoin-2024-08,UXD Stablecoin,UXD,,https://pharos.watch/logos/cemetery/uxd.png,USD,abandoned,Abandoned,2024-08,month,41817136,Delta-neutral theory,"UXD Protocol's delta-neutral stablecoin on Solana survived the Mango Markets exploit but couldn't attract users. The team admitted the model ""isn't exciting enough for DeFi users"" and the DAO voted to sunset.",https://www.dlnews.com/articles/defi/solana-stablecoin-uxd-protocol-with-75m-usd-tvl-shuts-down/,DL News,false,solana:7kbnvuGBxxj8AG9qp8Scn56muWGaRaFqxg1FsRp3PaFT,https://pharos.watch/cemetery/#uxd-uxd-stablecoin-2024-08
seur-synthetix-seur-2024-07,Synthetix sEUR,sEUR,,https://pharos.watch/logos/cemetery/seur.png,EUR,abandoned,Abandoned,2024-07,month,166837992,Deprecated for V3,Synthetix deprecated all non-USD spot synths on Ethereum mainnet as part of the V3 migration. sEUR holders who didn't swap in time could only redeem via the L1 redeemer contract at a discounted rate.,https://blog.synthetix.io/legacy-spot-synth-exchange-deprecation-migration/,Synthetix Blog,false,ethereum:0xd71ecff9342a5ced620049e616c5035f1db98620,https://pharos.watch/cemetery/#seur-synthetix-seur-2024-07
aeur-anchored-coins,Anchored Coins AEUR,AEUR,147,https://pharos.watch/logos/147-aeur.png,EUR,regulatory,Regulatory,2024-07,month,81031853,A solvent euro was retired by its license boundary,"Anchored Coins stopped issuing new AEUR after MiCAR made an EU issuer license necessary for the Swiss company to continue a EUR stablecoin business. The issuer moved reserves to Swissquote and kept a high-minimum redemption route for existing holders, but announced an orderly withdrawal from stablecoins rather than a relaunch. With issuance permanently closed and the product in a regulatory wind-down, Pharos freezes AEUR as an archived legacy asset while preserving its historical market record.",https://www.anchoredcoins.com/en/landing/aeur,Anchored Coins AEUR wind-down notice,true,ethereum:0xa40640458fbc27b6eefedea1e9c9e17d4cee7a21; bsc:0xa40640458fbc27b6eefedea1e9c9e17d4cee7a21,https://pharos.watch/stablecoin/aeur-anchored-coins/
uno-nostra-uno-2024-07,Nostra UNO,UNO,177,https://pharos.watch/logos/cemetery/uno.png,USD,abandoned,Abandoned,2024-07,month,472000,Last place,"Nostra's grand ambition to build Starknet's first native stablecoin launched with $472K of hope in April 2024. It proceeded to lose 96% of its supply in a slow, silent hemorrhage. Initially pitched as an overcollateralized crypto stablecoin, then quietly rebranded to fiat-backed (1:1 USDC), UNO found itself answering a question nobody on Starknet was asking: why hold a wrapper when you can just hold USDC? Nostra pivoted to its NSTR governance token and scrubbed UNO from the main site.",https://defillama.com/stablecoin/uno,DefiLlama,false,starknet:0x719b5092403233201aa822ce928bd4b551d0cdb071a724edd7dc5e5f57b7f34,https://pharos.watch/cemetery/#uno-nostra-uno-2024-07
eusd-lybra-eusd-2024-06,Lybra eUSD,eUSD,,https://pharos.watch/logos/cemetery/eusd.png,USD,abandoned,Abandoned,2024-06,month,128139157,Yield compressed to zero,"Lybra Finance V2's LST-backed yield-bearing stablecoin peaked at $128M. After mining incentives ended in June 2024 and development stalled, supply collapsed. The protocol is technically live but abandoned by its team.",https://beincrypto.com/lybra-finance-lbr-defi-fall/,BeInCrypto,false,ethereum:0xdf3ac4f479375802A821f7b7b46Cd7eB5e4262cc,https://pharos.watch/cemetery/#eusd-lybra-eusd-2024-06
note-note-2024-06,NOTE,NOTE,78,https://pharos.watch/logos/cemetery/note.png,USD,liquidity-drain,Liquidity Drain,2024-06,month,48800000,Canto's ghost town,"Native overcollateralized stablecoin of the Canto L1 blockchain. Canto launched with 'free public infrastructure' DeFi primitives in late 2022, briefly attracting $300M TVL. As the chain's ecosystem collapsed, NOTE's supply fell 97% from $49M to $1.3M. The chain itself is essentially abandoned.",https://defillama.com/stablecoin/note,DefiLlama,false,,https://pharos.watch/cemetery/#note-note-2024-06
peusd-lybra-peusd-2024-06,Lybra peUSD,peUSD,,https://pharos.watch/logos/cemetery/peusd.png,USD,abandoned,Abandoned,2024-06,month,43983623,Omnichain to no-chain,"Lybra's omnichain version of eUSD, designed for cross-chain use. Died alongside eUSD V2 when the team abandoned the protocol.",https://beincrypto.com/lybra-finance-lbr-defi-fall/,BeInCrypto,false,ethereum:0xD585aaafA2B58b1CD75092B51aDe9Fa4Ce52F247,https://pharos.watch/cemetery/#peusd-lybra-peusd-2024-06
star-preon-star-2024-06,Preon STAR,STAR,,https://pharos.watch/logos/cemetery/star.png,USD,abandoned,Abandoned,2024-06,month,32136242,Faded without a word,Preon Finance's stablecoin quietly died as the Sphere ecosystem faded. No shutdown announcement was made; supply simply declined from $32M to near zero.,https://defillama.com/protocol/preon-finance,DefiLlama,false,polygon:0xC19669A405067927865B40Ea045a2baabbbe57f5,https://pharos.watch/cemetery/#star-preon-star-2024-06
pusd-jpeg-d-pusd-2024-06,JPEG'd PUSd,PUSD,,https://pharos.watch/logos/cemetery/pusd.jpg,USD,liquidity-drain,Liquidity Drain,2024-06,month,13967554,NFT floor pulled out,JPEG'd's stablecoin minted against NFT collateral declined alongside the broader NFT market collapse. The protocol token stopped trading and the project was effectively abandoned.,https://defillama.com/protocol/jpegd,DefiLlama,false,ethereum:0x466a756E9A7401B5e2444a3fCB3c2C12FBEa0a54,https://pharos.watch/cemetery/#pusd-jpeg-d-pusd-2024-06
ush-hedge-usd-2024-06,Hedge USD,USH,,https://pharos.watch/logos/cemetery/ush.png,USD,liquidity-drain,Liquidity Drain,2024-06,month,11297476,Couldn't hedge this,"Despite $3.7M in seed funding from Pantera and Solana Ventures, Hedge Protocol's stablecoin on Solana failed to gain traction in a competitive DeFi landscape. Supply dwindled from $11M to near zero.",https://defillama.com/stablecoin/hedge-usd,DefiLlama,false,solana:9iLH8T7zoWhY7sBmj1WK9ENbWdS1nL8n9wAxaeRitTa6,https://pharos.watch/cemetery/#ush-hedge-usd-2024-06
cash-stabl-fi-cash-2024-06,Stabl.fi Cash,CASH,99,https://pharos.watch/logos/cemetery/cash-stablfi.png,USD,abandoned,Abandoned,2024-06,month,8990683,Empire of dead links,"Stabl.fi's CASH was the native stablecoin of an ambitious Polygon DeFi empire spanning Satin Exchange, Retro DEX, and more. When Satin's launch imploded on day one, the ecosystem was rebranded around Retro, a Thena fork that briefly hit $18.8M TVL before bleeding out. The team's last blog post in February 2024 acknowledged 'adoption has been fairly low and TVL has bled,' then went silent. The website, docs, and dreams of a cross-chain yield-bearing indexcoin now all return connection refused.",https://defillama.com/stablecoin/stabl.fi-cash,DefiLlama,false,polygon:0x80487b4f8f70e793a81a42367c225ee0b94315df,https://pharos.watch/cemetery/#cash-stabl-fi-cash-2024-06
dyadv1-dyad-v1-2024-06,DYAD v1,DYADv1,,https://pharos.watch/logos/cemetery/dyad.png,USD,abandoned,Abandoned,2024-06,month,600000,Too immutable to evolve,"The original DYAD stablecoin launched in December 2023 as an overcollateralized CDP with an immutable contract design. When the team needed to add flash-loan protection and the XP/Kerosene incentive mechanism, v1's immutability made upgrades impossible. In June 2024 they deployed an entirely new v2 contract set, a bold-style migration that left v1 holders to manually migrate their collateral. The 600K DYAD minted on v1 was never formally redeemed; the contracts simply went silent.",https://github.com/code-423n4/2024-04-dyad,Code4rena Audit,false,ethereum:0x305b58c5f6b5b6606fb13edd11fbdd5e532d5a26,https://pharos.watch/cemetery/#dyadv1-dyad-v1-2024-06
bean-bean-2024-05,Bean,BEAN,67,https://pharos.watch/logos/cemetery/bean.png,USD,algorithmic-failure,Algorithmic Failure,2024-05,month,50493989,Second planting failed too,"The original Beanstalk was drained of $182M in a flash-loan governance attack in April 2022. Undeterred, the team relaunched on Arbitrum with a credit-based model where soil demand and adjustable interest rates (Temperature) were supposed to keep BEAN at $1. It didn't. BEAN slipped below peg in mid-2024 and never came back, proving the design flaw was in the algorithm, not the security. Even Pinto, the community fork that tried the same model on Base, met the same fate.",https://defillama.com/stablecoin/bean,DefiLlama,false,ethereum:0xBEA0000029AD1c77D3d5D23Ba2D8893dB9d1Efab,https://pharos.watch/cemetery/#bean-bean-2024-05
xai-silo-finance,XAI Silo Finance,XAI,,https://pharos.watch/logos/xai-silo-finance.svg,USD,abandoned,Abandoned,2024-04-22,day,,Deprecated after its liquidity never scaled,"SiloDAO deprecated XAI after the stablecoin failed to scale DEX liquidity and repeatedly traded below its peg. Governance raised borrowing rates to force repayment, burned XAI credit lines across 17 silos, and retired the mint module so no new XAI could be created. The token nevertheless retains 5,358,653.23 XAI of residual supply, verified on Ethereum at block 25,627,256, representing legacy borrows and stranded wind-down liquidity rather than a live stablecoin system.",https://gov.silo.finance/t/a-plan-to-deprecate-xai-stablecoin/443,SiloDAO governance,false,,https://pharos.watch/cemetery/#xai-silo-finance
rai-rai-reflex-index-2024-02,Rai Reflex Index,RAI,,https://pharos.watch/logos/cemetery/rai.png,VAR,abandoned,Abandoned,2024-02,month,48700000,Too pure for this world,"The idealist's stablecoin: RAI rejected the dollar peg, embraced 'ungovernance,' and floated freely on pure math and ETH collateral. The team achieved their goal of removing all human governance, then did what the protocol couldn't: moved on to build HAI on Optimism.",https://www.dlnews.com/articles/defi/defi-developer-ameen-soleimani-back-with-new-stablecoin-hai/,DL News,false,ethereum:0x03ab458634910AaD20eF5f1C8ee96F1D6ac54919,https://pharos.watch/cemetery/#rai-rai-reflex-index-2024-02
yusd-yusd-stablecoin-2023-12,YUSD Stablecoin,YUSD,13,https://pharos.watch/logos/cemetery/yusd.png,USD,abandoned,Abandoned,2023-12,month,296400000,Yielded to reality,"Yeti Finance's cross-margin lending protocol on Avalanche allowed borrowing YUSD at 0% interest against diverse collateral. After declining TVL and concentration among few users, the team announced dissolution in December 2023, raising interest rates to encourage position closure and returning 90% of treasury to YETI holders.",https://crypto-economy.com/yeti-finance-announces-its-dissolution-here-the-reasons/,Crypto Economy,false,avalanche:0x111111111111ed1D73f860F57b2798b683f2d325,https://pharos.watch/cemetery/#yusd-yusd-stablecoin-2023-12
ibeur-iron-bank-euro-2023-12,Iron Bank EURO,IBEUR,,https://pharos.watch/logos/cemetery/ibeur.png,EUR,liquidity-drain,Liquidity Drain,2023-12,month,50369497,Iron Bank froze solid,"Liquidity pools drained after Iron Bank's lending markets froze, leaving no clear path to repeg. Still trades at a fraction of face value.",https://www.coindesk.com/business/2023/12/19/crashed-stablecoin-iron-bank-euro-ibeur-lacks-clear-repeg-path,CoinDesk,false,ethereum:0x96E61422b6A9bA0e068B6c5ADd4fFaBC6a4aae27,https://pharos.watch/cemetery/#ibeur-iron-bank-euro-2023-12
r-raft-r-2023-11,Raft R,R,115,https://pharos.watch/logos/cemetery/r-raft.png,USD,counterparty-failure,Counterparty Failure,2023-11,month,32900000,Adrift,"Allowed minting R stablecoin against wstETH and rETH collateral. A smart contract exploit drained $3.3M in ETH, though the hacker lost money due to a slippage error, netting only ~$1.6M. Raft halted minting, offered a 42% recovery plan, and was abandoned.",https://rekt.news/raft-rekt/,Rekt News,false,ethereum:0x183015a9bA6fF60230fdEaDc3F43b3D788b13e21,https://pharos.watch/cemetery/#r-raft-r-2023-11
usdr-real-usd-2023-10,Real USD,USDR,85,https://pharos.watch/logos/cemetery/usdr.png,USD,liquidity-drain,Liquidity Drain,2023-10,month,71020513,Real estate illiquid,"Tangible's grand experiment in real estate-backed stablecoins ended exactly how skeptics predicted: with a classic bank run on illiquid assets. USDR promised 16% yields backed by UK rental properties, but when the $6M DAI cushion was drained in a single week, holders discovered that tokenized houses cannot be liquidated at 3 AM on a Wednesday. The team candidly admitted there were 'too many attack vectors in the design.'",https://www.coindesk.com/markets/2023/10/11/real-estate-backed-stablecoin-usdr-de-pegs-after-treasury-was-drained-of-liquid-assets,CoinDesk,false,polygon:0x40379a439D4F6795B6fc9aa5687dB461677A2dBa,https://pharos.watch/cemetery/#usdr-real-usd-2023-10
vst-vesta-stable-2023-09,Vesta Stable,VST,,https://pharos.watch/logos/cemetery/vst.png,USD,abandoned,Abandoned,2023-09,month,32044597,Cultural differences,"Vesta Finance dissolved after founders proposed to exit citing ""cultural differences."" Community voted 96% for dissolution; VSTA holders received pro-rata treasury redemptions in USDC and ARB.",https://golden.com/wiki/Vesta_Finance-EKWBMZW,Golden,false,arbitrum:0x64343594Ab9b56e99087BfA6F2335Db24c2d1F17,https://pharos.watch/cemetery/#vst-vesta-stable-2023-09
tor-tor-2023-07,TOR,TOR,,https://pharos.watch/logos/cemetery/tor.png,USD,counterparty-failure,Counterparty Failure,2023-07,month,342945973,Multichain took it down,"Hector Network's stablecoin collapsed after the Multichain bridge exploit wiped out $8M of treasury assets. The DAO voted to liquidate the remaining $16M treasury, ending a project already plagued by allegations that the team squandered $100M+ in funds.",https://www.coindesk.com/business/2023/07/17/hector-network-votes-to-liquidate-16m-treasury-following-multichain-fantom-losses,CoinDesk,false,fantom:0x74e23df9110aa9ea0b6ff2faee01e740ca1c642e,https://pharos.watch/cemetery/#tor-tor-2023-07
usdc-m-multichain-usdc-2023-07,Multichain USDC,USDC.m,,https://pharos.watch/logos/cemetery/usdc-multichain.png,USD,counterparty-failure,Counterparty Failure,2023-07,month,180000000,CEO arrested. Bridge burned,"Bridge-wrapped USDC on Fantom became worthless overnight when the Multichain bridge collapsed after the CEO was arrested by Chinese authorities. ~$180M in 'USDC' was revealed to be backed by nothing as the team lost access to MPC servers. Circle froze $63M, and Fantom's entire DeFi ecosystem was devastated.",https://www.coindesk.com/business/2023/07/06/multichain-bridges-experience-unannounced-outflows-of-over-130m-in-crypto,CoinDesk,false,fantom:0x04068da6c83afcfa0e13ba15a6696662335d5b75,https://pharos.watch/cemetery/#usdc-m-multichain-usdc-2023-07
pai-parrot-usd-2023-07,Parrot USD,PAI,,https://pharos.watch/logos/cemetery/pai.png,USD,abandoned,Abandoned,2023-07,month,23100000,$85M in. A dime back,"Parrot Protocol raised $85M during Solana's DeFi summer, backed by Alameda Research. Two years and one FTX collapse later, the team held a governance vote to liquidate the $74M treasury and go tokenless. The vote passed 99.8%, allegedly stuffed with insider wallets, and IDO investors got back a dime on the dollar.",https://www.coindesk.com/markets/2023/07/21/defi-project-parrot-puts-fate-of-over-70m-treasury-prt-token-to-vote,CoinDesk,false,solana:Ea5SjE2Y6yvCeW5dYTn7PYMuW5ikXkvbGdcmSnXeaLjS,https://pharos.watch/cemetery/#pai-parrot-usd-2023-07
ausd-acala-usd-2023-07,Acala USD,aUSD,,https://pharos.watch/logos/cemetery/ausd.png,USD,algorithmic-failure,Algorithmic Failure,2023-07,month,11088350,One exploit. 1.28B minted,"Acala's aUSD lost its peg after a catastrophic exploit in August 2022 minted 1.28 billion unauthorized tokens. Converted to aSEED in July 2023, ceasing to function as a stablecoin.",https://www.coindesk.com/tech/2022/08/15/acalas-stablecoin-falls-99-percent-after-hackers-issue-13-billion-tokens/,CoinDesk,false,,https://pharos.watch/cemetery/#ausd-acala-usd-2023-07
fiat-fiat-i-2023-07,FIAT I,FIAT,61,https://pharos.watch/logos/cemetery/fiat.png,USD,abandoned,Abandoned,2023-07,month,1866269,SEC killed the parent,"FIAT DAO created a clever primitive: mint a dollar-pegged stablecoin against fixed-income assets like Notional fCash and Sense Principal Tokens. But the protocol barely reached $2M before its parent entity merged with BarnBridge, right before the SEC came knocking. When BarnBridge halted all operations in July 2023, FIAT was left orphaned with $7,600 of permanently stuck tokens and a domain that no longer resolves.",https://blockworks.co/news/barnbridge-sec-dao,Blockworks,false,ethereum:0x586Aa273F262909EEF8fA02d90Ab65F5015e0516,https://pharos.watch/cemetery/#fiat-fiat-i-2023-07
usdp-usdp-stablecoin-2023-06,USDP Stablecoin,USDP,,https://pharos.watch/logos/cemetery/usdp.png,USD,liquidity-drain,Liquidity Drain,2023-06,month,279700000,Paxos stole the ticker,"Unit Protocol's USDP accepted everything from Yearn vaults to SushiSwap LP tokens as collateral, a collateral buffet that attracted nearly $280M. But quantity of options couldn't substitute for quality of demand, and when Paxos swooped in with its own 'USDP' ticker, the identity crisis accelerated the decline. Supply withered to under $10K.",https://defillama.com/stablecoin/usdp-stablecoin,DefiLlama,false,ethereum:0x1456688345527be1f37e9e627da0837d6f08c925,https://pharos.watch/cemetery/#usdp-usdp-stablecoin-2023-06
usdk-usdk-2023-06,USDK,USDK,,https://pharos.watch/logos/cemetery/usdk.png,USD,counterparty-failure,Counterparty Failure,2023-06,month,42500000,Prime Trust was neither,"USDK did everything right on paper: regulated US trust company, ERC-20 standard, clean audits. But its custodian Prime Trust was secretly gambling client funds on algorithmic stablecoins. When Prime Trust collapsed into receivership (revealed to be $82M short on customer fiat), USDK's 'fully backed' promise became just another line in a bankruptcy filing.",https://www.coindesk.com/policy/2023/06/27/nevada-places-crypto-custodian-prime-trust-into-receivership,CoinDesk,false,ethereum:0x1c48f86ae57291f7686349f12601910bd8d470bb,https://pharos.watch/cemetery/#usdk-usdk-2023-06
usdi-interest-protocol-2023-06,Interest Protocol,USDI,76,https://pharos.watch/logos/cemetery/usdi.png,USD,abandoned,Abandoned,2023-06,month,8434873,Too niche to survive,"GFX Labs' fractional reserve experiment promised to be Ethereum's answer to traditional banking: mint USDi by depositing USDC, earn rebasing yield from borrowers. Launched with Chainlink oracles and a $2.5M seed round, USDi briefly touched $8.4M before the bear market crushed demand for yet another USDC wrapper. The team quietly pivoted to DAO governance consulting and DEX development, leaving USDi to wither to under $20K.",https://defillama.com/stablecoin/interest-protocol,DefiLlama,false,,https://pharos.watch/cemetery/#usdi-interest-protocol-2023-06
musd-mstable-usd-2023-04,mStable USD,MUSD,,https://pharos.watch/logos/cemetery/musd.png,USD,abandoned,Abandoned,2023-04,month,171000000,mStable unstable,"mStable dreamed of unifying the fragmented stablecoin landscape: one meta-stablecoin to swap them all, with built-in yield. It touched $171M, but frictionless stablecoin swaps couldn't compete with DEX aggregators and simple USDC. When the co-founder walked away in early 2023, the DAO chose an honorable death: acquisition by dHedge.",https://www.coindesk.com/business/2023/03/15/defi-exchange-mstable-mulls-over-acquisition-merger-offers,CoinDesk,false,ethereum:0xe2f2a5c287993345a840db3b0845fbc70f5935a5,https://pharos.watch/cemetery/#musd-mstable-usd-2023-04
rsv-reserve-2023-03,Reserve,RSV,,https://pharos.watch/logos/cemetery/rsv.png,USD,abandoned,Abandoned,2023-03,month,29016644,Reserved for history,Reserve's prototype stablecoin was deprecated when the protocol launched its RToken system. eUSD (Electronic Dollar) replaced RSV in the LATAM-focused Reserve app.,https://fortune.com/crypto/2023/07/03/sam-altman-stablecoin-reserve-venezuela-ofac/,Fortune Crypto,false,ethereum:0x196f4727526ea7fb1e17b2071b3d8eaa38486988,https://pharos.watch/cemetery/#rsv-reserve-2023-03
busd-binance-usd-2023-02,Binance USD,BUSD,4,https://pharos.watch/logos/cemetery/busd.png,USD,regulatory,Regulatory,2023-02,month,23462869722,Killed by decree,"Once the third-largest stablecoin at $23.5B. The NYDFS ordered issuer Paxos to stop minting, while the SEC signaled intent to sue. Binance ceased support in Dec 2023, auto-converting remaining balances to FDUSD.",https://www.coindesk.com/business/2023/02/13/paxos-to-stop-minting-stablecoin-busd-following-regulatory-action,CoinDesk,false,ethereum:0x4fabb145d64652a948d72533023f6e7a623c7c53; bsc:0xe9e7cea3dedca5984780bafc599bd69add087d56,https://pharos.watch/cemetery/#busd-binance-usd-2023-02
usp-usp-stablecoin-2023-02,USP Stablecoin,USP,97,https://pharos.watch/logos/cemetery/usp.png,USD,counterparty-failure,Counterparty Failure,2023-02,month,30000000,"Flash loan, lights out","Platypus Finance's stablecoin was backed by LP tokens from its stableswap pools. A flash loan exploit in February 2023 drained $8.5M, collapsing USP's peg. The protocol never recovered and ceased operations.",https://rekt.news/platypus-rekt/,Rekt News,false,avalanche:0xdaCDe03d7Ab4D81fEDdc3a20fAA89aBAc9072CE2,https://pharos.watch/cemetery/#usp-usp-stablecoin-2023-02
usds-sperax-usd-2023-02,Sperax USD,USDs,,https://pharos.watch/logos/cemetery/usds-sperax.png,USD,liquidity-drain,Liquidity Drain,2023-02,month,25100000,9.7B minted from thin air,"Sperax promised auto-yield just from holding its stablecoin on Arbitrum, no staking required. Then a rebasing bug let someone mint 9.7 billion tokens out of thin air. The funds came back, but user trust didn't. Backed by Alameda at peak hubris, USDs survived its exploit only to bleed out slowly.",https://crypto.news/sperax-usd-stablecoin-reportedly-hacked-for-250000/,Crypto News,false,arbitrum:0xd74f5255d557944cf7dd0e45ff521520002d5748,https://pharos.watch/cemetery/#usds-sperax-usd-2023-02
husd-husd-2022-10,HUSD,HUSD,,https://pharos.watch/logos/cemetery/husd.jpg,USD,counterparty-failure,Counterparty Failure,2022-10,month,393463176,Trusted the wrong custodian,"A fiat-backed stablecoin tied to the Huobi ecosystem. When Justin Sun acquired Huobi and replaced it with USDD, HUSD was delisted with no redemption path. Crashed to $0.28.",https://www.coindesk.com/business/2022/10/31/after-huobi-delisting-stablecoin-husd-falls-72-from-dollar-peg,CoinDesk,false,ethereum:0xdf574c24545e5ffecb9a659c229253d4111d87e1,https://pharos.watch/cemetery/#husd-husd-2022-10
usn-usn-2022-10,USN,USN,54,https://pharos.watch/logos/cemetery/usn.png,USD,algorithmic-failure,Algorithmic Failure,2022-10,month,136700000,Double-minted. $40M short,"NEAR Protocol's native algorithmic stablecoin launched in April 2022. After UST's collapse, it was hastily converted to USDT-backed, but a double-minting bug left it $40M undercollateralized. The NEAR Foundation formally shut it down in October 2022 with a $40M 'USN Protection Programme.' Remaining ~$38M sits unredeemed.",https://www.coindesk.com/markets/2022/10/24/near-foundation-urges-wind-down-of-usn-stablecoin-sets-aside-40m,CoinDesk,false,near:usn,https://pharos.watch/cemetery/#usn-usn-2022-10
usds-spiceusd-2022-09,SpiceUSD,USDS,31,https://pharos.watch/logos/cemetery/usds-spiceusd.png,USD,algorithmic-failure,Algorithmic Failure,2022-09,month,18000000,Lost its flavor,"A partially algorithmic stablecoin on Avalanche from the Spice Trade DEX ecosystem. Launched in May 2022 into the post-UST wreckage, it never gained meaningful adoption. The peg broke almost immediately, sliding to $0.07, and the anonymous team abandoned the project. $18M in ghost supply sits unredeemable on Avalanche.",https://www.coingecko.com/en/coins/spiceusd,CoinGecko,false,,https://pharos.watch/cemetery/#usds-spiceusd-2022-09
fei-fei-usd-2022-08,Fei USD,FEI,,https://pharos.watch/logos/cemetery/fei.png,USD,abandoned,Abandoned,2022-08,month,2336281370,Built different. Died the same,"Raised $1.3B in ETH at launch, but Tribe DAO voted to wind down citing mounting technical, financial, and regulatory risks. An $80M hack of merged Rari/Fuse lending markets sealed its fate. Holders redeemed 1:1 for DAI.",https://www.axios.com/2022/08/25/algorithmic-stablecoin-tribedao-fei,Axios,false,ethereum:0x956f47f50a910163d8bf957cf5846d573e7f87ca,https://pharos.watch/cemetery/#fei-fei-usd-2022-08
volt-volt-protocol-2022-08,VOLT Protocol,VOLT,,https://pharos.watch/logos/cemetery/volt.png,VAR,counterparty-failure,Counterparty Failure,2022-08,month,20100000,Inflation-proof wasn't,"The first CPI-pegged stablecoin promised inflation protection via yields from Rari Fuse lending markets. When the $80M Fuse exploit wiped out those markets, VOLT lost its yield engine. The Tribe DAO dissolution four months later removed the last collateral backstop; the team pivoted to Ethereum Credit Guild.",https://decrypt.co/97365/volt-protocol-raises-2-million-inflation-resistant-stablecoin,Decrypt,false,ethereum:0x559ebc30b0e58a45cc9ff573f77ef1e5eb1b3e18,https://pharos.watch/cemetery/#volt-volt-protocol-2022-08
flexusd-flexusd-2022-06,flexUSD,FLEXUSD,,https://pharos.watch/logos/cemetery/flexusd.png,USD,counterparty-failure,Counterparty Failure,2022-06,month,196400000,CoinFLEX went rigid,"CoinFLEX's interest-bearing stablecoin promised yields up to 114% APY from its futures lending market. When Roger Ver's account blew an $84M hole in the exchange, flexUSD holders discovered 'interest-bearing' also meant 'loss-bearing.' The exchange froze all redemptions, rebranded into OPNX with Three Arrows Capital's founders, and that venture also collapsed. 166M flexUSD tokens sit unredeemable at $0.08.",https://techstory.in/coinflexs-flexusd-is-the-new-entrant-in-the-club-of-failed-stablecoins/,TechStory,false,ethereum:0xa774FFB4AF6B0A91331C084E1aebAE6Ad535e6F3,https://pharos.watch/cemetery/#flexusd-flexusd-2022-06
usdx-kava-usdx-2022-06,Kava USDX,USDX,42,https://pharos.watch/logos/cemetery/usdx-kava.png,USD,liquidity-drain,Liquidity Drain,2022-06,month,176147186,Kava moved on,"Kava's flagship stablecoin was the crown jewel of the first cross-chain DeFi hub: mint USDX by depositing BTC, XRP, BNB, or KAVA into CDPs on Cosmos. It peaked at $176M in April 2022, then UST's implosion exposed a fatal flaw: USDX had accepted UST as collateral. The peg cracked to $0.55 and never healed. Kava Labs quietly pivoted to AI infrastructure and 'DeCloud' ambitions, leaving USDX to bleed over three years to $11M, trading at $0.44.",https://www.theblock.co/post/146802/kava-networks-usdx-tumbles-to-0-65-as-yet-another-stablecoin-depegs,The Block,false,,https://pharos.watch/cemetery/#usdx-kava-usdx-2022-06
fusd-fantom-usd-2022-06,Fantom USD,FUSD,63,https://pharos.watch/logos/cemetery/fusd.png,USD,algorithmic-failure,Algorithmic Failure,2022-06,month,61000000,Chained to a falling chain,"Fantom's native overcollateralized stablecoin required 300-500% FTM collateral ratios, but collapsed alongside the broader DeFi crisis in 2022. Traders exploited the gap between its market price and collateral value, devastating protocols like Scream. The peg broke to $0.50-$0.70 and never recovered, sliding to under $0.10. With the Fantom network itself migrating to Sonic, fUSD became a zombie token, still in wallets but functionally dead.",https://www.reddit.com/r/FantomFoundation/comments/vl97k6/what_has_happened_to_fantom/,Reddit,false,fantom:0xAd84341756Bf337f5a0164515b1f6F993D194E1f,https://pharos.watch/cemetery/#fusd-fantom-usd-2022-06
ust-terrausd-2022-05,TerraUSD,UST,3,https://pharos.watch/logos/cemetery/ust.png,USD,algorithmic-failure,Algorithmic Failure,2022-05,month,18770471902,Too big to fail. Too flawed to live,"The largest stablecoin collapse in history. UST's algorithmic peg relied on minting/burning LUNA, but a coordinated sell-off triggered a death spiral that vaporized $40B in combined value within days. Anchor's unsustainable 20% yield had concentrated 70% of supply in a single venue.",https://www.coindesk.com/tech/2022/05/11/usts-do-kwon-was-behind-earlier-failed-stablecoin-ex-terra-colleagues-say,CoinDesk,false,ethereum:0xa47c8bf37f92aBed4A126BDA807A7b7498661acD,https://pharos.watch/cemetery/#ust-terrausd-2022-05
krt-terrakrw-2022-05,TerraKRW,KRT,,https://pharos.watch/logos/cemetery/krt.png,OTHER,algorithmic-failure,Algorithmic Failure,2022-05,month,80000000,Swept away with Terra,"The most-used non-USD stablecoin in the Terra ecosystem, powering real Korean e-commerce payments via the CHAI app with millions of transactions. Destroyed alongside UST and LUNA in the May 2022 death spiral. All Terra stablecoins died simultaneously, but KRT was the only alternative peg with meaningful market cap.",https://en.wikipedia.org/wiki/Terra_(blockchain),Wikipedia,false,ethereum:0xcAAfF72A8CbBfc5Cf343BA4e26f65a257065bFF1,https://pharos.watch/cemetery/#krt-terrakrw-2022-05
dei-dei-2022-05,DEI,DEI,,https://pharos.watch/logos/cemetery/dei.png,USD,algorithmic-failure,Algorithmic Failure,2022-05,month,62000000,Collateral damage,"An algorithmic stablecoin on Fantom hit by flash loan exploits totaling $16M, then finished off by contagion from UST's collapse. A further hack in May 2023 delivered the final blow.",https://www.coindesk.com/markets/2022/05/16/fantom-stablecoin-dei-becomes-latest-to-lose-dollar-peg,CoinDesk,false,fantom:0xDE12c7959E1a72bbe8a5f7A1dc8f8EeF9Ab011B3,https://pharos.watch/cemetery/#dei-dei-2022-05
usdn-neutrino-usd-2022-04,Neutrino USD,USDN,,https://pharos.watch/logos/cemetery/usdn.png,USD,algorithmic-failure,Algorithmic Failure,2022-04,month,1023616756,Waves crashed,"Succumbed to an algorithmic death spiral after WAVES price manipulation destabilized collateral backing. Rebranded to XTN, now trading at $0.02.",https://cointelegraph.com/news/neutrino-dollar-breaks-peg-falls-to-0-82-amid-waves-price-manipulation-accusations,CoinTelegraph,false,ethereum:0x674C6Ad92Fd080e4004b2312b45f796a192D27a0,https://pharos.watch/cemetery/#usdn-neutrino-usd-2022-04
bean-beanstalk-v1-2022-04,Beanstalk v1,BEAN,,https://pharos.watch/logos/cemetery/bean.png,USD,algorithmic-failure,Algorithmic Failure,2022-04,month,100000000,Beanstalk got cut down,The original Beanstalk deployment grew to $100M and $144M in liquidity before a flash-loan governance attack drained $182M. The attacker flash-loaned $1B+ to gain 79% governance power and passed a malicious proposal in a single transaction. BEAN crashed from $1 to $0.09. The protocol was 'Replanted' with new contracts four months later.,https://www.coindesk.com/tech/2022/04/17/attacker-drains-182m-from-beanstalk-stablecoin-protocol,CoinDesk,false,ethereum:0xDC59ac4FeFa32293A95889Dc396682858d52e5Db,https://pharos.watch/cemetery/#bean-beanstalk-v1-2022-04
cash-cashio-dollar-2022-03,Cashio Dollar,CASH,,https://pharos.watch/logos/cemetery/cash-cashio.png,USD,algorithmic-failure,Algorithmic Failure,2022-03,month,52000000,"Infinite mint, instant death","Missing validation code on Solana allowed an attacker to mint 2 billion CASH using a fake worthless token as collateral, draining $52M. CASH crashed from $1 to $0.00005 in minutes. The unaudited contract was a sitting duck. The hacker, Shakeeb Ahmed, was later caught and sentenced by the DOJ.",https://www.coindesk.com/tech/2022/03/23/stablecoin-cashio-suffers-infinite-glitch-exploit-tvl-drops-by-28m,CoinDesk,false,solana:CASHVDm2wsJXfhj6VWxb7GiMdoLc17Du7paH4bNr5woT,https://pharos.watch/cemetery/#cash-cashio-dollar-2022-03
vai-vai-2021-09,Vai,VAI,,https://pharos.watch/logos/cemetery/vai.png,USD,liquidity-drain,Liquidity Drain,2021-09,month,318800000,Venus couldn't save it,"Venus Protocol's synthetic stablecoin on BSC was minted freely during DeFi summer 2021, too freely. A $77M bad-debt crisis cratered confidence, VAI shed its peg to $0.74, and minting was paused. Supply collapsed 99% from $300M+ to under $3M.",https://cointelegraph.com/news/these-are-the-least-stable-stablecoins-not-named-terrausd,CoinTelegraph,false,bsc:0x4BD17003473389A42DAF6a0a729f6Fdb328BbBd7,https://pharos.watch/cemetery/#vai-vai-2021-09
iron-iron-2021-06,IRON,IRON,,https://pharos.watch/logos/cemetery/iron.png,USD,algorithmic-failure,Algorithmic Failure,2021-06,month,800000000,Crypto's first bank run,"Dubbed crypto's ""first large-scale bank run."" IRON was partially collateralized (75% USDC, 25% TITAN token). When whales dumped TITAN at its peak, a flawed redemption mechanism sent TITAN from $65 to zero in hours, dragging IRON down with it.",https://www.coindesk.com/markets/2021/06/17/in-token-crash-postmortem-iron-finance-says-it-suffered-cryptos-first-large-scale-bank-run,CoinDesk,false,polygon:0xD86b5923F3AD7b585eD81B448170ae026c65ae9a,https://pharos.watch/cemetery/#iron-iron-2021-06
esd-empty-set-dollar-2021-01,Empty Set Dollar,ESD,,https://pharos.watch/logos/cemetery/esd.png,USD,algorithmic-failure,Algorithmic Failure,2021-01,month,550000000,The coupon experiment,"Pioneered the ""seigniorage shares"" model in DeFi. When ESD traded below $1, users could buy coupons (burning ESD) in hopes of future redemption at a profit. The mechanism worked during expansion but collapsed when confidence evaporated: coupons expired worthless, and ESD fell to $0.01.",https://thedailyeconomy.org/article/algorithmic-stablecoins/,The Daily Economy,false,ethereum:0x36F3FD68E7325a35EB768F1AedaAe9EA0689d723,https://pharos.watch/cemetery/#esd-empty-set-dollar-2021-01
dsd-dynamic-set-dollar-2021-01,Dynamic Set Dollar,DSD,,https://pharos.watch/logos/cemetery/dsd.png,USD,algorithmic-failure,Algorithmic Failure,2021-01,month,300000000,Forked ESD. Same fate,"A fork of ESD with faster epoch cycles (2 hours vs 8 hours), designed to stabilize more quickly. Instead, the shorter cycles amplified volatility. DSD spiked to $3 during expansion then collapsed to $0.24 in the same month, proving that faster reflexivity cuts both ways.",https://cointelegraph.com/news/dynamic-set-dollar-faces-massive-test-as-stablecoin-falls-as-low-as-27,CoinTelegraph,false,ethereum:0xBD2F0Cd039E0BFcf88901C98c0bFAc5ab27566e3,https://pharos.watch/cemetery/#dsd-dynamic-set-dollar-2021-01
bac-basis-cash-2021-01,Basis Cash,BAC,,https://pharos.watch/logos/cemetery/bac.png,USD,algorithmic-failure,Algorithmic Failure,2021-01,month,91119238,The theory was elegant,"An anonymous fork of the Basis design, BAC lost its peg within weeks of launch. Later revealed to be co-founded by Do Kwon under a pseudonym -- who learned nothing before building the even more catastrophic TerraUSD.",https://protos.com/basis-cash-the-failed-algorithmic-stablecoin-do-kwon-didnt-learn-from,Protos,false,ethereum:0x3449FC1Cd036255BA1EB19d65fF4BA2b8903A69a,https://pharos.watch/cemetery/#bac-basis-cash-2021-01
usnbt-nubits-2018-03,NuBits,USNBT,,https://pharos.watch/logos/cemetery/nubits.png,USD,algorithmic-failure,Algorithmic Failure,2018-03,month,,The first to try,"One of the first stablecoins ever created (2014), NuBits held its peg for two years before collapsing when holders dumped it to chase Bitcoin gains. A pioneering cautionary tale about algorithmic pegs backed by volatile assets. (Excluded from timeline view due to early date.)",https://medium.com/reserve-currency/the-end-of-a-stablecoin-the-case-of-nubits-dd1f0fb427a9,Reserve Research,false,,https://pharos.watch/cemetery/#usnbt-nubits-2018-03
