# Pharos pharos.watch | Endpoint: depeg-history | As of: 2026-07-08T08:00:33.000Z | URL: https://pharos.watch/sheets/depeg-history.csv | Methodology: depeg-dews v6.095 | Freshness: point-in-time sample; not guaranteed to track production freshness
id,stablecoinId,symbol,direction,peakDeviationBps,startedAtISO,endedAtISO,durationSec,startPrice,peakPrice,recoveryPrice,pegReference,source
90483,nxusd-nereus,NXUSD,below,-376,2026-07-07T15:19:58.000Z,,,0.987975,0.962277027,,0.99984447,live
90497,brla-brla-digital,BRLA,below,-202,2026-07-07T05:01:56.000Z,2026-07-07T13:01:28.000Z,28772,0.9839350194518225,0.9798194805925432,0.9863667770633158,1,backfill
90484,frax-frax,FRAX,below,-109,2026-07-07T04:04:46.000Z,,,0.9898912387953835,0.988998577987382,,0.9999573359596607,live
90453,usda-alpha-partner,USDA,below,-503,2026-07-06T00:19:23.000Z,,,0.980372,0.949453,,0.9997486952703307,live
90447,ceur-celo,EURm,below,-754,2026-07-05T10:34:21.000Z,,,1.12255473269254,1.0568165507,,1.1430595890720232,live
90436,idrt-rupiah-token,IDRT,below,-7770,2026-07-04T02:34:56.000Z,2026-07-04T20:50:04.000Z,65708,0.000012486893365981024,0.000012486893365981024,0.000055014994829994,0.000056,live
90496,brla-brla-digital,BRLA,below,-242,2026-07-03T12:01:56.000Z,2026-07-06T20:00:59.000Z,287943,0.9845310165236679,0.9758197111297057,0.9855927227673407,1,backfill
90495,brla-brla-digital,BRLA,below,-153,2026-07-03T09:00:42.000Z,2026-07-03T11:02:33.000Z,7311,0.9847033301601832,0.9847033301601832,0.985630100872876,1,backfill
90410,lusd-liquity,LUSD,above,100,2026-07-02T05:33:54.000Z,2026-07-02T06:18:47.000Z,2693,1.0096702857093371,1.0096702857093371,1.0092109177692081,0.99968,live
90387,frax-frax,FRAX,below,-101,2026-06-30T23:19:46.000Z,2026-06-30T23:49:46.000Z,1800,0.98954948,0.98954948,0.9898446629310724,0.999634074389586,live
90494,brla-brla-digital,BRLA,below,-230,2026-06-30T21:01:11.000Z,2026-07-01T13:00:49.000Z,57578,0.9835495852168529,0.976950340647912,0.9883418690477467,1,backfill
90374,euri-banking-circle,EURI,below,-215,2026-06-29T19:35:24.000Z,2026-06-30T01:18:57.000Z,20613,1.1211537289415492,0.978513,,1.14205113849738,live
90438,kag-kinesis,KAG,below,-1190,2026-06-29T13:20:40.000Z,2026-07-07T04:20:10.000Z,658770,57.32979043836227,55.08,61.52795347264379,58.797001,live
90493,brla-brla-digital,BRLA,below,-154,2026-06-29T12:00:22.000Z,2026-06-29T14:02:27.000Z,7325,0.9845895795587929,0.9845895795587929,0.9864413077893441,1,backfill
90492,brla-brla-digital,BRLA,below,-151,2026-06-29T09:02:30.000Z,2026-06-29T11:00:04.000Z,7054,0.9849467980616877,0.9849467980616877,0.9855319755236728,1,backfill
90465,zarp-zarp,ZARP,below,-278,2026-06-29T06:34:26.000Z,2026-07-07T05:34:57.000Z,687631,0.05968850986,0.06003406992,0.0606949800353467,0.06091353,live
90404,lusd-liquity,LUSD,above,100,2026-06-29T03:04:48.000Z,2026-07-01T23:18:51.000Z,245643,1.0096029634460648,1.0096705168234137,1.0085284741080422,0.99960819973473,live
90491,brla-brla-digital,BRLA,below,-162,2026-06-29T00:00:26.000Z,2026-06-29T08:00:45.000Z,28819,0.9841684942337673,0.9838381715450003,0.9856988510352465,1,backfill
90353,meusd-mezo,MUSD,below,-134,2026-06-27T13:49:01.000Z,2026-06-27T23:50:30.000Z,36089,0.9864642213695368,0.9864642213695368,0.998356,0.9998325624894308,live
90346,zarp-zarp,ZARP,above,345,2026-06-26T21:34:46.000Z,2026-06-29T01:19:33.000Z,186287,0.0626607634,0.06091272388,,0.05888288,live
90335,rusd-royal-dollar,RUSD,below,-8997,2026-06-26T06:03:46.000Z,2026-06-27T13:49:01.000Z,114315,0.10022287716815953,0.10022287716815953,0.999500565273097,0.9996582169594107,live
90350,europ-schuman,EUROP,above,366,2026-06-26T04:03:44.000Z,2026-06-27T12:48:57.000Z,117913,1.16,1.1811148335,1.1399592557871645,1.14,live
90338,kag-kinesis,KAG,below,-286,2026-06-25T20:50:40.000Z,2026-06-26T09:18:32.000Z,44872,54.37,56.37672163045792,57.812433891996406,57.720001,live
90336,euri-banking-circle,EURI,below,-183,2026-06-25T16:20:36.000Z,2026-06-26T15:21:10.000Z,82834,1.12,1.1191577508594037,1.1399047869611962,1.14,live
90341,reusd-resupply,REUSD,below,-4451,2026-06-24T22:35:40.000Z,2026-06-26T17:20:14.000Z,153874,0.5844849185,0.5547982146,0.9985557029692533,0.9997702616894499,live
90324,mai-qidao,MAI,below,-1917,2026-06-24T15:05:33.000Z,2026-06-26T09:18:32.000Z,151979,0.989719,0.808199888284351,0.9899210946216522,0.9998232800881,live
90308,tryb-bilira,TRYB,below,-9829,2026-06-23T19:20:32.000Z,2026-06-23T20:50:29.000Z,5397,0.0003680769009788168,0.0003680769009788168,,0.021515,live
90300,rusd-royal-dollar,RUSD,below,-7001,2026-06-22T20:19:34.000Z,2026-06-23T14:34:38.000Z,65704,0.29982,0.29982,0.9999,0.9997523233422722,live
90309,reur-royal-euro,REUR,below,-6933,2026-06-22T16:19:57.000Z,2026-06-27T13:49:01.000Z,422944,0.3496675,0.3496675,1.139466134267387,1.140633155,live
90485,gyen-gyen,GYEN,below,-6454,2026-06-21T18:49:31.000Z,2026-07-08T00:35:17.000Z,1403146,0.00280795,0.002190652020472323,0.006211388844405158,0.00619176509328,live
90289,usx-dforce,USX,below,-5783,2026-06-21T11:18:57.000Z,,,0.4216210325301998,0.4216210325301998,,0.9997898475275111,live
90286,msusd-main-street,MSUSD,below,-8204,2026-06-21T10:49:01.000Z,,,0.37751964829999995,0.179528,,0.999811764879078,live
90301,usdr-stablr,USDR,below,-7492,2026-06-21T10:49:01.000Z,2026-06-23T18:35:33.000Z,200792,0.01659154773951701,0.2507078187698424,,0.999811764879078,live
90271,kag-kinesis,KAG,below,-448,2026-06-20T02:04:05.000Z,2026-06-22T20:19:34.000Z,238529,63.780432211363376,62.053683132772235,65.8918594800463,64.960999,live
90253,eurs-stasis,EURS,above,1424,2026-06-19T09:04:47.000Z,,,1.21,1.3044577229452634,,1.15,live
90280,reusd-resupply,REUSD,below,-108,2026-06-18T03:34:13.000Z,2026-06-21T02:49:15.000Z,256502,0.987167,0.989034,0.9950807518330325,0.9997491943805963,live
90490,usdxl-last,USDXL,below,-142,2026-06-17T06:34:18.000Z,,,0.98948283,0.98559681,,0.9997503399406913,live
90199,usdxl-last,USDXL,above,105,2026-06-16T08:49:24.000Z,2026-06-16T11:20:07.000Z,9043,1.0100000000000002,1.01024826,1.006,0.999798,live
90197,xaum-matrixdock,XAUm,above,998,2026-06-15T21:19:16.000Z,2026-06-16T13:19:20.000Z,57604,4723.8780504387,4723.8780504387,4271.459697052019,4295.4,live
90196,xaut-tether,XAUT,below,-168,2026-06-15T14:19:51.000Z,2026-06-15T15:19:35.000Z,3584,4275.4488766555,4265.0980094972,4275.4488766555,4337.9596046319875,live
90194,nusd-neutrl,NUSD,below,-197,2026-06-15T10:03:50.000Z,2026-06-15T10:19:01.000Z,911,0.980158,0.980158,0.999312744306785,0.9998262412707302,live
90187,kag-kinesis,KAG,below,-729,2026-06-14T22:34:06.000Z,2026-06-15T05:48:39.000Z,26073,65.13,64.84,69.66,69.942001,live
90198,usdm-mega,USDM,below,-152,2026-06-14T12:49:13.000Z,2026-06-16T04:35:07.000Z,143154,0.98869,0.984588,1.000683,0.999851253137177,live
90221,mai-qidao,MAI,below,-1916,2026-06-13T15:35:25.000Z,2026-06-23T19:35:14.000Z,878389,0.989491,0.808199888284351,0.9920376175574734,0.999792444621596,live
90141,mim-abracadabra,MIM,below,-9201,2026-06-08T16:51:16.000Z,,,0.9894593551653902,0.07986918713276392,,0.999852,live
90093,jupusd-jupiter,JUPUSD,above,132,2026-06-05T20:20:56.000Z,2026-06-05T20:36:37.000Z,941,1.013,1.013,1.00121703,0.9998188491699657,live
90086,feusd-felix,FEUSD,above,102,2026-06-05T14:19:40.000Z,2026-06-05T14:34:49.000Z,909,1.01,1.01,1.00474018,0.9997749098488509,live
90088,xaum-matrixdock,XAUm,above,800,2026-06-05T14:05:39.000Z,2026-06-05T15:05:18.000Z,3579,4465.0438651,4723.8780504387,4380.2367564056,4373.7833782028,live
90168,usdxl-last,USDXL,below,-116,2026-06-03T20:50:43.000Z,2026-06-12T07:06:12.000Z,728129,0.9891570000000002,0.98808297,0.994278,0.9996853339280857,live
90056,usdxl-last,USDXL,above,133,2026-06-03T05:20:14.000Z,2026-06-03T05:34:52.000Z,878,1.013,1.013,1.00503381,0.9997181183565581,live
90203,apxusd-apyx,apxUSD,below,-3159,2026-06-02T21:50:28.000Z,,,0.9892624763236985,0.683920685957853,,0.9997455,live
90053,eurs-stasis,EURS,above,1508,2026-06-02T09:20:00.000Z,2026-06-19T03:19:19.000Z,1447159,1.19,1.339194,1.1490219270559203,1.1637530014181086,live
90285,usda-alpha-partner,USDA,below,-397,2026-06-01T19:49:52.000Z,2026-06-28T12:05:26.000Z,2304934,0.961655,0.960159,0.9897628377000001,0.9997623030632325,live
90052,usdxl-last,USDXL,above,104,2026-06-01T04:05:23.000Z,2026-06-02T04:35:03.000Z,88180,1.01126389,1.0100000000000002,1.008,0.9995817568546176,live
90044,eurs-stasis,EURS,above,1660,2026-06-01T03:36:03.000Z,2026-06-01T10:05:13.000Z,23350,1.1853453407323251,1.357611,1.1607953189907125,1.164335,live
90042,usdxl-last,USDXL,above,737,2026-05-29T15:21:17.000Z,2026-06-01T01:35:29.000Z,209652,1.018,1.07327666,1.00843606,0.9997694695,live
90029,usda-alpha-partner,USDA,below,-165,2026-05-25T04:19:51.000Z,2026-05-25T05:05:04.000Z,2713,0.987997,0.9832969736,0.9946543539,0.999743366898875,live
90028,usda-alpha-partner,USDA,below,-153,2026-05-24T23:20:09.000Z,2026-05-25T01:35:24.000Z,8115,0.984485,0.984485,0.991918,0.999788349059447,live
90027,usda-alpha-partner,USDA,below,-252,2026-05-24T21:05:16.000Z,2026-05-24T22:20:05.000Z,4489,0.974531,0.974531,0.9909461575,0.9997879772140046,live
90026,usdxl-last,USDXL,above,101,2026-05-24T09:50:28.000Z,2026-05-24T10:05:11.000Z,883,1.0098233,1.0098233,1.00573781,0.9996910340450357,live
90025,usdr-stablr,USDR,below,-7546,2026-05-24T04:20:58.000Z,2026-05-26T03:51:46.000Z,171048,0.3135907493,0.24535650141268073,0.9899839495909477,0.9997593504525414,live
90024,eurr-stablr,EURR,below,-3980,2026-05-24T01:50:56.000Z,,,1.13952297845757,0.7008,,1.16,live
90023,usda-alpha-partner,USDA,below,-153,2026-05-23T02:04:24.000Z,2026-05-23T02:34:25.000Z,1801,0.984565,0.984565,0.991943,0.9998304154180857,live
90022,usdxl-last,USDXL,below,-121,2026-05-22T20:21:05.000Z,2026-05-22T20:35:50.000Z,885,0.98767073,0.98767073,0.997105,0.9998013957842327,live
90021,usdxl-last,USDXL,below,-106,2026-05-22T19:36:20.000Z,2026-05-22T19:50:46.000Z,866,0.989157,0.989157,0.9997321938910799,0.9997316807294461,live
90020,usdxl-last,USDXL,above,173,2026-05-21T15:20:00.000Z,2026-05-21T15:50:09.000Z,1809,1.0170215200000001,1.0170215200000001,0.9994318400000001,0.999706,live
90019,usdxl-last,USDXL,above,669,2026-05-20T21:21:05.000Z,2026-05-21T01:35:17.000Z,15252,1.01729601,1.06655773,1.005,0.9997698000263071,live
90018,usdxl-last,USDXL,above,123,2026-05-20T19:36:38.000Z,2026-05-20T20:06:07.000Z,1769,1.01210424,1.01210424,1.0089999999999997,0.9998345565720793,live
90017,usda-alpha-partner,USDA,below,-344,2026-05-20T07:04:40.000Z,2026-05-20T09:20:12.000Z,8132,0.96783,0.965392,0.993289,0.9998063027185001,live
90016,xaum-matrixdock,XAUm,above,537,2026-05-19T13:19:16.000Z,2026-05-19T22:06:00.000Z,31604,4723.8780504387,4723.8780504387,4485.481912224834,4483.273267785,live
90015,usda-alpha-partner,USDA,below,-342,2026-05-19T11:19:31.000Z,2026-05-19T12:34:39.000Z,4508,0.965614,0.965614,0.9937822553,0.9997443235833825,live
90014,usda-alpha-partner,USDA,below,-321,2026-05-19T05:34:28.000Z,2026-05-19T07:49:18.000Z,8090,0.967699,0.967699,0.993671,0.999811,live
90013,usdxl-last,USDXL,below,-102,2026-05-18T15:05:49.000Z,2026-05-18T15:21:13.000Z,924,0.989608,0.989608,0.99004435,0.9998034411018123,live
90012,usda-alpha-partner,USDA,below,-218,2026-05-18T09:49:56.000Z,2026-05-18T12:05:31.000Z,8135,0.977964,0.977964,0.993095,0.99986039,live
90011,usdxl-last,USDXL,below,-108,2026-05-18T09:35:28.000Z,2026-05-18T09:49:56.000Z,868,0.98891507,0.98891507,0.9906729999999999,0.9997281892500001,live
90010,usdb-blast,USDB,below,-176,2026-05-18T08:49:58.000Z,2026-05-18T09:35:28.000Z,2730,0.9820826650027701,0.9820826650027701,0.99112268,0.9997441790437701,live
90009,usdb-blast,USDB,below,-197,2026-05-18T04:20:15.000Z,2026-05-18T08:36:29.000Z,15374,0.982468,0.98003,0.99930142,0.9997593449945679,live
90008,usda-alpha-partner,USDA,below,-201,2026-05-18T02:50:03.000Z,2026-05-18T04:35:28.000Z,6325,0.97978,0.97978,0.994285,0.99978542125,live
90007,usdxl-last,USDXL,below,-108,2026-05-17T23:50:07.000Z,2026-05-18T00:05:05.000Z,898,0.9890186200000001,0.9890186200000001,0.99633447,0.99982768,live
90006,usda-alpha-partner,USDA,below,-212,2026-05-17T13:05:33.000Z,2026-05-17T13:51:35.000Z,2762,0.979715,0.978571,0.994287,0.9997937621643409,live
90005,usdxl-last,USDXL,below,-100,2026-05-16T10:05:33.000Z,2026-05-16T10:20:27.000Z,894,0.989791,0.989791,0.991483,0.9998167930806197,live
90003,usdxl-last,USDXL,below,-110,2026-05-16T08:35:11.000Z,2026-05-16T08:50:35.000Z,924,0.98878242,0.98878242,0.9935690000000004,0.999792,live
90004,usda-alpha-partner,USDA,below,-102,2026-05-16T08:35:11.000Z,2026-05-16T09:05:27.000Z,1816,0.98964,0.98964,0.9926890859,0.9997510459268534,live
90002,usdxl-last,USDXL,below,-113,2026-05-16T06:49:50.000Z,2026-05-16T07:05:10.000Z,920,0.988468,0.988468,0.990563,0.9997934575386527,live
90001,usdxl-last,USDXL,below,-109,2026-05-16T05:49:56.000Z,2026-05-16T06:04:55.000Z,899,0.9889750000000002,0.9889750000000002,0.99094442,0.9998270000000005,live
90000,usda-alpha-partner,USDA,below,-118,2026-05-15T22:35:01.000Z,2026-05-15T23:19:46.000Z,2685,0.988109,0.988109,0.9924,0.9998695051571705,live
89999,usdxl-last,USDXL,below,-111,2026-05-15T15:21:18.000Z,2026-05-15T15:36:14.000Z,896,0.988669,0.988669,0.99193,0.9997491124428163,live
89998,usdxl-last,USDXL,below,-107,2026-05-15T14:51:12.000Z,2026-05-15T15:06:41.000Z,929,0.989057,0.989057,0.990941,0.9997164482521428,live
89996,usdxl-last,USDXL,below,-161,2026-05-15T08:20:07.000Z,2026-05-15T14:21:05.000Z,21658,0.989491,0.983663,0.9913439999999998,0.9997842226738906,live
89997,usda-alpha-partner,USDA,below,-134,2026-05-15T06:50:16.000Z,2026-05-15T08:36:09.000Z,6353,0.986359,0.986359,0.990767,0.9997842226738906,live
89995,usdxl-last,USDXL,below,-112,2026-05-15T05:35:54.000Z,2026-05-15T07:05:42.000Z,5388,0.9898249216609277,0.988606,0.989958,0.999794723673764,live
89994,usdxl-last,USDXL,below,-106,2026-05-15T03:35:25.000Z,2026-05-15T03:49:45.000Z,860,0.989217,0.989217,0.9906362536872574,0.999842,live
89993,usdxl-last,USDXL,below,-113,2026-05-15T02:19:54.000Z,2026-05-15T02:49:47.000Z,1793,0.9884980000000003,0.9884980000000003,0.99003014,0.9998154723019107,live
89992,usdxl-last,USDXL,below,-112,2026-05-14T23:49:44.000Z,2026-05-15T00:19:58.000Z,1814,0.9885832573475276,0.9885832573475276,0.990807,0.9998058974395534,live
89991,usdxl-last,USDXL,below,-104,2026-05-14T23:04:47.000Z,2026-05-14T23:19:49.000Z,902,0.9895151792199712,0.9895151792199712,0.990537,0.9999446426350137,live
89990,usdxl-last,USDXL,below,-104,2026-05-14T22:35:40.000Z,2026-05-14T22:49:52.000Z,852,0.9895151792199712,0.9895151792199712,0.990116,0.9999446426350137,live
89989,usdxl-last,USDXL,below,-122,2026-05-14T21:05:57.000Z,2026-05-14T22:19:49.000Z,4432,0.9877279999999998,0.9877279999999998,0.9908960000000001,0.99992395,live
89988,usdxl-last,USDXL,below,-140,2026-05-14T20:21:01.000Z,2026-05-14T20:50:52.000Z,1791,0.9858590000000004,0.9858590000000004,0.990567,0.999888,live
89987,usdxl-last,USDXL,below,-118,2026-05-14T06:36:13.000Z,2026-05-14T12:36:36.000Z,21623,0.98917348,0.987949,0.992633,0.9997610891380013,live
89986,usdxl-last,USDXL,below,-107,2026-05-14T05:19:59.000Z,2026-05-14T06:20:10.000Z,3611,0.989024,0.989024,0.989863,0.9996905,live
89985,usdxl-last,USDXL,below,-113,2026-05-14T04:35:28.000Z,2026-05-14T05:04:54.000Z,1766,0.989548,0.9884464900000001,0.99012687,0.999751,live
89843,usdxl-last,USDXL,below,-119,2026-05-13T13:35:34.000Z,2026-05-14T04:19:57.000Z,53063,0.9892150000000002,0.987892,0.99026119,0.99968662,live
89842,usda-alpha-partner,USDA,below,-246,2026-05-13T12:35:38.000Z,2026-05-13T13:35:34.000Z,3596,0.981168,0.9751099990238692,0.996603,0.9996525,live
89841,usdb-blast,USDB,below,-178,2026-05-13T12:20:13.000Z,2026-05-13T19:20:53.000Z,25240,0.987794,0.9817892421,0.9929144670834276,0.9996261440273893,live
89840,usda-alpha-partner,USDA,below,-170,2026-05-13T07:50:00.000Z,2026-05-13T08:35:07.000Z,2707,0.982774,0.982673,0.995,0.9996891786496404,live
89839,usdxl-last,USDXL,below,-120,2026-05-13T07:05:05.000Z,2026-05-13T13:20:28.000Z,22523,0.9895400000000003,0.9877090000000002,0.990003,0.9997638785089132,live
89838,usda-alpha-partner,USDA,below,-181,2026-05-13T06:05:09.000Z,2026-05-13T07:05:05.000Z,3596,0.981723,0.981723,0.996093,0.999724845,live
89837,usdxl-last,USDXL,below,-115,2026-05-13T03:49:54.000Z,2026-05-13T06:50:04.000Z,10810,0.98956639,0.988279,0.99011084,0.999815519941403,live
89836,mai-qidao,MAI,below,-3541,2026-05-13T01:20:18.000Z,2026-06-13T04:34:59.000Z,2690081,0.985729,0.6458018841,0.9937251167028899,0.9998289543258294,live
89835,usda-alpha-partner,USDA,below,-149,2026-05-12T10:34:43.000Z,2026-05-12T11:19:52.000Z,2709,0.984927,0.984927,1.0006618318,0.999831,live
89834,usda-alpha-partner,USDA,below,-104,2026-05-12T07:19:19.000Z,2026-05-12T08:04:40.000Z,2721,0.989609,0.989609,0.995586,0.999908,live
89833,usda-alpha-partner,USDA,below,-103,2026-05-12T05:49:14.000Z,2026-05-12T06:35:03.000Z,2749,0.989528,0.989528,0.996496,0.9998446979704305,live
89832,jpyc-jpyc,JPYC,above,2102,2026-05-12T04:18:51.000Z,2026-05-29T15:21:17.000Z,1508546,0.00766877,0.00767202,0.00622554,0.006340459032172791,live
89831,usda-alpha-partner,USDA,below,-154,2026-05-12T03:48:56.000Z,2026-05-12T04:18:51.000Z,1795,0.984559,0.984559,0.996431,0.9999,live
89830,usda-alpha-partner,USDA,below,-171,2026-05-12T02:48:43.000Z,2026-05-12T03:34:00.000Z,2717,0.982752,0.982752,0.996474,0.9998250736503594,live
89829,usda-alpha-partner,USDA,below,-103,2026-05-12T01:04:01.000Z,2026-05-12T02:03:53.000Z,3592,0.9896612041,0.9896612041,0.9964145679,0.99999962,live
89828,honey-berachain,HONEY,above,211,2026-05-11T22:48:56.000Z,2026-05-11T23:48:38.000Z,3582,1.021,1.021,0.9997485700000001,0.9998790393139713,live
89827,usda-alpha-partner,USDA,below,-220,2026-05-11T21:48:40.000Z,2026-05-11T22:18:48.000Z,1808,0.97791,0.97791,0.992516,0.99989528,live
89818,usda-alpha-partner,USDA,below,-169,2026-05-11T07:49:38.000Z,2026-05-11T08:34:20.000Z,2682,0.982988,0.982988,0.996609,0.9999542556143317,live
89817,usda-alpha-partner,USDA,below,-117,2026-05-11T06:19:24.000Z,2026-05-11T07:04:27.000Z,2703,0.988282,0.988282,0.996652,0.9999558345024043,live
89816,usdb-blast,USDB,above,130,2026-05-10T22:34:34.000Z,2026-05-11T00:19:29.000Z,6295,1.011778,1.013,1.007,0.999975,live
89815,usdb-blast,USDB,above,101,2026-05-10T16:35:49.000Z,2026-05-10T17:20:20.000Z,2671,1.01,1.01,1.005,0.999897135,live
89814,usda-alpha-partner,USDA,below,-214,2026-05-10T14:24:11.000Z,2026-05-10T15:04:43.000Z,2432,0.978495,0.978495,0.99254,0.99986807,live
89813,usda-alpha-partner,USDA,below,-147,2026-05-10T12:04:15.000Z,2026-05-10T12:37:59.000Z,2024,0.985166,0.985166,0.992621,0.9999063327498302,live
89812,usda-alpha-partner,USDA,below,-213,2026-05-10T11:04:13.000Z,2026-05-10T11:49:03.000Z,2690,0.985301,0.978621,1.0006548782,0.999923,live
89811,usda-alpha-partner,USDA,below,-198,2026-05-10T08:19:06.000Z,2026-05-10T08:49:16.000Z,1810,0.980087,0.980087,0.996579,0.9999078063749152,live
89810,usda-alpha-partner,USDA,below,-209,2026-05-10T07:34:13.000Z,2026-05-10T08:04:14.000Z,1801,0.979066,0.979066,0.9998591476,0.9999571,live
89809,msusd-main-street,MSUSD,above,121,2026-05-09T17:33:58.000Z,2026-05-09T18:19:04.000Z,2706,1.012,1.012,1.0029241595,0.9999680614460111,live
89808,msusd-main-street,MSUSD,above,111,2026-05-09T15:48:45.000Z,2026-05-09T16:34:21.000Z,2736,1.0109426022948809,1.0109426022948809,1.009,0.9998749595882302,live
89807,kag-kinesis,KAG,below,-177,2026-05-09T11:48:38.000Z,2026-05-15T10:35:23.000Z,514005,79.04,79.04,78.75,80.468002,live
89806,usda-alpha-partner,USDA,below,-116,2026-05-09T09:48:53.000Z,2026-05-09T11:03:40.000Z,4487,0.988236,0.988236,0.997977,0.9997909029624732,live
89805,usda-alpha-partner,USDA,below,-145,2026-05-09T08:18:58.000Z,2026-05-09T09:03:58.000Z,2700,0.985334,0.985334,0.997846,0.9998091081005773,live
89804,usda-alpha-partner,USDA,below,-102,2026-05-09T06:33:51.000Z,2026-05-09T07:03:54.000Z,1803,0.989672,0.989672,0.9989631242,0.999842,live
89803,msusd-main-street,MSUSD,above,131,2026-05-09T01:19:00.000Z,2026-05-09T14:33:50.000Z,47690,1.01,1.013,1.005,0.999907917719288,live
89802,msusd-main-street,MSUSD,above,112,2026-05-08T22:34:18.000Z,2026-05-09T00:49:41.000Z,8123,1.011,1.011,1.0095268122908982,0.9998022111518656,live
89801,msusd-main-street,MSUSD,below,-190,2026-05-08T16:34:33.000Z,2026-05-08T19:18:58.000Z,9865,0.981782,0.980793,1.0014257924,0.999771,live
89800,usda-alpha-partner,USDA,below,-199,2026-05-08T03:18:35.000Z,2026-05-08T04:03:39.000Z,2704,0.979952,0.979952,0.995215,0.999814,live
89799,msusd-main-street,MSUSD,below,-186,2026-05-08T01:48:40.000Z,2026-05-08T03:03:58.000Z,4518,0.9812568919892013,0.9812568919892013,0.998770796,0.9998994999999999,live
89798,usda-alpha-partner,USDA,below,-121,2026-05-07T23:34:38.000Z,2026-05-08T00:33:41.000Z,3543,0.987743,0.987743,0.9977152453,0.999819,live
89797,msusd-main-street,MSUSD,below,-160,2026-05-07T15:50:35.000Z,2026-05-08T01:33:55.000Z,35000,0.986234,0.983623,0.9983220876,0.9996666249999999,live
89796,msusd-main-street,MSUSD,below,-133,2026-05-07T14:49:33.000Z,2026-05-07T15:34:40.000Z,2707,0.9866079205537697,0.9866079205537697,0.9993441132,0.9999228870558287,live
89795,msusd-main-street,MSUSD,below,-141,2026-05-07T10:34:40.000Z,2026-05-07T14:19:59.000Z,13519,0.9876792049039258,0.9857812387613972,0.9978496168,0.99982,live
89794,europ-schuman,EUROP,below,-165,2026-05-07T10:19:11.000Z,2026-05-07T10:49:11.000Z,1800,1.15895655018,1.15895655018,,1.178364168232553,live
89793,msusd-main-street,MSUSD,above,142,2026-05-06T11:34:49.000Z,2026-05-06T13:20:03.000Z,6314,1.014,1.014,1.006,0.9998176728809252,live
89792,usdp-parallel,USDp,above,2203,2026-05-06T05:19:24.000Z,2026-05-06T07:49:23.000Z,8999,1.22,1.22,0.99985,0.999761,live
89791,mai-qidao,MAI,below,-174,2026-05-06T03:34:32.000Z,2026-05-13T01:05:03.000Z,595831,0.986677,0.982496541141229,0.9951,0.9997352071159404,live
89984,xnk-kinka,XNK,below,-216,2026-05-05T17:00:56.000Z,2026-05-06T00:00:55.000Z,25199,4558.898188383025,4556.312930964987,4592.800242494965,4628.916435173639,backfill
89790,eurs-stasis,EURS,above,886,2026-05-05T05:05:05.000Z,2026-05-31T22:20:36.000Z,2308531,1.23050421,1.265097595125738,,1.17,live
89789,msusd-main-street,MSUSD,above,117,2026-05-04T04:03:42.000Z,2026-05-04T04:34:22.000Z,1840,1.0116206009079027,1.0116206009079027,1.009,0.9999845700000001,live
89788,msusd-main-street,MSUSD,below,-100,2026-05-03T06:19:40.000Z,2026-05-03T06:49:32.000Z,1792,0.9899517101802275,0.9899517101802275,1.004,0.9999278135307988,live
89787,pmusd-precious-metals,pmUSD,below,-5568,2026-05-02T00:48:56.000Z,,,0.9884318094485448,0.4431811662414395,,0.99996,live
89786,alusd-alchemix,ALUSD,below,-476,2026-05-01T16:04:54.000Z,,,0.990037,0.952159301743393,,1,live
89785,alusd-alchemix,ALUSD,below,-101,2026-05-01T14:49:33.000Z,2026-05-01T15:04:35.000Z,902,0.989713,0.989713,0.990034,0.9997735,live
89784,alusd-alchemix,ALUSD,below,-101,2026-05-01T13:35:08.000Z,2026-05-01T14:34:38.000Z,3570,0.9897084855087367,0.9897084855087367,0.990053821484866,0.9998048243992527,live
89783,alusd-alchemix,ALUSD,below,-101,2026-05-01T12:04:44.000Z,2026-05-01T12:34:19.000Z,1775,0.989798,0.989798,0.9903,0.9998998649999999,live
89782,alusd-alchemix,ALUSD,below,-100,2026-04-30T20:34:22.000Z,2026-04-30T21:19:16.000Z,2694,0.98974069838493,0.98974069838493,0.990329,0.9997560136059457,live
89781,alusd-alchemix,ALUSD,below,-100,2026-04-30T18:49:05.000Z,2026-04-30T19:34:08.000Z,2703,0.989717,0.989717,0.9898160176250821,0.9997068230158692,live
89780,alusd-alchemix,ALUSD,below,-100,2026-04-30T18:19:25.000Z,2026-04-30T18:34:13.000Z,888,0.989684,0.989684,0.989743,0.9996695435368311,live
89779,alusd-alchemix,ALUSD,below,-100,2026-04-30T16:49:51.000Z,2026-04-30T17:19:03.000Z,1752,0.989811,0.989811,0.989803,0.99981933,live
89778,alusd-alchemix,ALUSD,below,-100,2026-04-30T14:34:36.000Z,2026-04-30T14:49:04.000Z,868,0.98981,0.98981,0.990067,0.999763513044045,live
89777,alusd-alchemix,ALUSD,below,-100,2026-04-28T07:19:08.000Z,2026-04-28T07:34:44.000Z,936,0.989904,0.989904,0.989963355,0.9998739992994232,live
89983,xnk-kinka,XNK,above,166,2026-04-28T00:00:57.000Z,2026-04-28T02:00:57.000Z,7200,4695.054959269781,4696.350851051238,4683.2031768365005,4622.011389297736,backfill
89776,alusd-alchemix,ALUSD,below,-105,2026-04-27T22:34:57.000Z,2026-04-27T23:19:50.000Z,2693,0.9893134026746071,0.9893134026746071,0.989914,0.9998020000000001,live
89775,alusd-alchemix,ALUSD,below,-107,2026-04-27T18:34:44.000Z,2026-04-27T21:49:50.000Z,11706,0.9892012077862886,0.989186,0.9899255775406224,0.9997464925987835,live
89774,dola-inverse-finance,DOLA,below,-102,2026-04-27T17:34:50.000Z,2026-04-27T18:19:37.000Z,2687,0.989622,0.989622,0.991183,0.9997856100973673,live
89773,alusd-alchemix,ALUSD,below,-109,2026-04-27T06:49:09.000Z,2026-04-27T17:34:50.000Z,38741,0.989477,0.988999,0.9900720624770764,0.9998486986429798,live
89772,alusd-alchemix,ALUSD,below,-100,2026-04-26T17:04:20.000Z,2026-04-26T17:34:22.000Z,1802,0.989991,0.989991,0.9902753571911742,0.9999431383206551,live
89771,pmusd-precious-metals,pmUSD,below,-108,2026-04-26T14:04:19.000Z,2026-04-26T23:19:59.000Z,33340,0.9899591771136548,0.9892281342540036,0.990416,0.9999113173818672,live
89770,pmusd-precious-metals,pmUSD,below,-100,2026-04-26T13:34:50.000Z,2026-04-26T13:49:19.000Z,869,0.989936361425095,0.989936361425095,0.9899363776064978,0.9999046,live
89769,alusd-alchemix,ALUSD,below,-103,2026-04-26T12:49:36.000Z,2026-04-26T15:34:23.000Z,9887,0.989687,0.989639,0.9899304865183879,0.9998267411130537,live
89767,alusd-alchemix,ALUSD,below,-104,2026-04-26T11:03:53.000Z,2026-04-26T11:48:52.000Z,2699,0.98959913,0.989452345,1.000380762454665,0.9999015550470175,live
89768,dola-inverse-finance,DOLA,below,-103,2026-04-26T10:49:07.000Z,2026-04-26T11:34:11.000Z,2704,0.989570664382009,0.989570664382009,0.990716,0.999904,live
89766,alusd-alchemix,ALUSD,below,-104,2026-04-26T08:48:54.000Z,2026-04-26T10:33:51.000Z,6297,0.98954199,0.98959988,1.001,0.999826168398138,live
89765,alusd-alchemix,ALUSD,below,-111,2026-04-26T00:49:25.000Z,2026-04-26T07:33:58.000Z,24273,0.9888701,0.98892343,0.9901338311580922,0.9997608238919383,live
89764,alusd-alchemix,ALUSD,below,-108,2026-04-25T21:34:57.000Z,2026-04-25T23:34:50.000Z,7193,0.989231,0.989083,0.9947,0.9998220424465228,live
89763,dola-inverse-finance,DOLA,below,-104,2026-04-25T16:34:51.000Z,2026-04-25T17:04:29.000Z,1778,0.989509,0.989509,0.9907816606444448,0.9998665724826563,live
89762,uty-xsy,UTY,above,296,2026-04-25T14:49:19.000Z,2026-04-25T15:49:21.000Z,3602,1.029346,1.029346,0.999422251443887,0.9997897247802325,live
89761,alusd-alchemix,ALUSD,below,-115,2026-04-25T02:34:52.000Z,2026-04-25T21:19:37.000Z,67485,0.989259,0.98833383,0.994536,0.999773940859274,live
89760,alusd-alchemix,ALUSD,below,-105,2026-04-25T01:04:33.000Z,2026-04-25T01:49:25.000Z,2692,0.989259,0.989259,0.991618811432208,0.9997827730133063,live
89759,alusd-alchemix,ALUSD,below,-105,2026-04-24T21:33:57.000Z,2026-04-24T22:19:36.000Z,2739,0.989261,0.989261,0.991198,0.9997643170605564,live
89758,alusd-alchemix,ALUSD,below,-105,2026-04-24T16:19:18.000Z,2026-04-24T16:34:42.000Z,924,0.989261,0.989261,0.993636,0.9997616618506321,live
89757,pmusd-precious-metals,pmUSD,below,-101,2026-04-24T14:49:18.000Z,2026-04-24T17:04:26.000Z,8108,0.989808,0.989693,0.995294,0.9997566958371145,live
89756,alusd-alchemix,ALUSD,below,-104,2026-04-24T11:04:21.000Z,2026-04-24T11:19:19.000Z,898,0.989356,0.989356,0.994901,0.9997631235843474,live
89755,alusd-alchemix,ALUSD,below,-105,2026-04-24T09:49:10.000Z,2026-04-24T10:49:28.000Z,3618,0.989356,0.989356,0.9934352753134793,0.9998451571154087,live
89754,alusd-alchemix,ALUSD,below,-106,2026-04-24T09:04:15.000Z,2026-04-24T09:19:38.000Z,923,0.989356,0.989356,0.993572,0.999925,live
89753,alusd-alchemix,ALUSD,below,-103,2026-04-24T07:19:15.000Z,2026-04-24T08:04:16.000Z,2701,0.989552,0.989552,0.994675,0.9997917098684208,live
89752,alusd-alchemix,ALUSD,below,-104,2026-04-24T01:34:05.000Z,2026-04-24T03:34:33.000Z,7228,0.9895325707134833,0.9895325707134833,0.9902395428973316,0.9998966300000001,live
89751,alusd-alchemix,ALUSD,below,-103,2026-04-24T00:34:34.000Z,2026-04-24T01:19:07.000Z,2673,0.989644,0.989559,0.989911,0.9998372005232151,live
89750,alusd-alchemix,ALUSD,below,-101,2026-04-24T00:04:29.000Z,2026-04-24T00:19:02.000Z,873,0.989786,0.989786,0.9902258411597733,0.999861,live
89749,alusd-alchemix,ALUSD,below,-100,2026-04-23T21:34:06.000Z,2026-04-23T22:34:17.000Z,3611,0.9898109736159835,0.9898109736159835,0.9900230094489357,0.9998107276248822,live
89748,alusd-alchemix,ALUSD,below,-105,2026-04-23T20:48:45.000Z,2026-04-23T21:04:33.000Z,948,0.989436,0.989436,0.9899937483307122,0.9998942460355017,live
89747,pusd-pleasing,PUSD,below,-9652,2026-04-23T15:18:56.000Z,2026-05-12T04:34:20.000Z,1602924,0.03484512331408584,0.03484512331408584,,0.9998780740422203,live
89746,alusd-alchemix,ALUSD,below,-107,2026-04-23T14:04:02.000Z,2026-04-23T20:19:15.000Z,22513,0.98949,0.989212,0.9899937483307122,0.9998536731617018,live
89745,alusd-alchemix,ALUSD,below,-114,2026-04-23T09:18:56.000Z,2026-04-23T13:49:27.000Z,16231,0.98894684,0.988355,0.989953,0.9998247248504314,live
89744,pmusd-precious-metals,pmUSD,below,-133,2026-04-23T08:34:24.000Z,2026-04-23T12:49:24.000Z,15300,0.986518,0.986518,0.9901664185588669,0.999788,live
89743,alusd-alchemix,ALUSD,below,-113,2026-04-23T02:33:49.000Z,2026-04-23T08:48:44.000Z,22495,0.989367,0.9885640949212628,0.993617,0.999887,live
89742,pmusd-precious-metals,pmUSD,below,-122,2026-04-23T00:34:18.000Z,2026-04-23T01:48:43.000Z,4465,0.987761,0.9876695685227234,0.994057,0.9998183109286832,live
89741,alusd-alchemix,ALUSD,below,-104,2026-04-23T00:18:42.000Z,2026-04-23T01:33:55.000Z,4513,0.98963676,0.98945315,0.9904309219302305,0.999784518437527,live
89739,pmusd-precious-metals,pmUSD,below,-100,2026-04-22T22:33:49.000Z,2026-04-22T22:48:44.000Z,895,0.9898673038623705,0.9898673038623705,0.992454,0.9998360711140402,live
89740,alusd-alchemix,ALUSD,below,-103,2026-04-22T22:33:49.000Z,2026-04-22T23:33:41.000Z,3592,0.989514515,0.989514515,0.9899300271579251,0.9998360711140402,live
89738,alusd-alchemix,ALUSD,below,-102,2026-04-22T21:19:31.000Z,2026-04-22T21:48:42.000Z,1751,0.989517635,0.989517635,0.9919225801780563,0.99976493115,live
89737,pmusd-precious-metals,pmUSD,below,-103,2026-04-22T21:04:28.000Z,2026-04-22T22:03:42.000Z,3554,0.9894913831604678,0.9894913831604678,0.9924042788821182,0.999754,live
89736,alusd-alchemix,ALUSD,below,-102,2026-04-22T20:34:39.000Z,2026-04-22T21:04:28.000Z,1789,0.989643,0.989530375,0.9907362312521432,0.999771,live
89735,alusd-alchemix,ALUSD,below,-102,2026-04-22T19:49:26.000Z,2026-04-22T20:04:58.000Z,932,0.989758,0.989758,0.9909737134424652,0.9999110497521039,live
89734,yusd-aegis,YUSD,below,-481,2026-04-22T18:19:35.000Z,2026-04-22T19:04:52.000Z,2717,0.951833,0.951833,0.998728,0.999888,live
89733,alusd-alchemix,ALUSD,below,-104,2026-04-22T17:34:35.000Z,2026-04-22T19:35:02.000Z,7227,0.98965,0.98950362,0.9909737134424652,0.9999347997673277,live
89732,alusd-alchemix,ALUSD,below,-102,2026-04-22T16:49:37.000Z,2026-04-22T17:20:00.000Z,1823,0.989735,0.9896113550000001,0.99014,0.9998103589969762,live
89731,alusd-alchemix,ALUSD,below,-100,2026-04-22T01:35:00.000Z,2026-04-22T01:49:23.000Z,863,0.989827,0.989827,0.990026,0.9998621875174101,live
89730,alusd-alchemix,ALUSD,below,-106,2026-04-20T22:49:42.000Z,2026-04-21T18:35:00.000Z,71118,0.989776,0.989252035,0.9915718605320911,0.9998003948205098,live
89729,alusd-alchemix,ALUSD,below,-106,2026-04-20T21:19:46.000Z,2026-04-20T22:35:01.000Z,4515,0.989771,0.989314,0.9898778132492067,0.999877218535762,live
89728,alusd-alchemix,ALUSD,below,-101,2026-04-20T20:49:43.000Z,2026-04-20T21:05:08.000Z,925,0.989665,0.989665,0.989991,0.9997307536463336,live
89727,meusd-mezo,MUSD,above,122,2026-04-20T14:49:25.000Z,2026-04-23T01:33:55.000Z,211470,1.00992733,1.012,1.005,0.99982135,live
89726,alusd-alchemix,ALUSD,below,-107,2026-04-20T13:19:17.000Z,2026-04-20T16:35:14.000Z,11757,0.98943,0.98911,0.9917309493853859,0.999839,live
89667,alusd-alchemix,ALUSD,below,-105,2026-04-20T10:04:23.000Z,2026-04-20T13:04:28.000Z,10805,0.98941,0.989277,0.9913382954411093,0.999756573021406,live
89666,alusd-alchemix,ALUSD,below,-103,2026-04-20T08:34:22.000Z,2026-04-20T09:49:33.000Z,4511,0.989609,0.98946,0.989859,0.99979365,live
89665,pmusd-precious-metals,pmUSD,below,-132,2026-04-20T07:49:20.000Z,2026-04-22T20:19:30.000Z,217810,0.989476702882991,0.986639,0.992403,0.9997423611137497,live
89664,pmusd-precious-metals,pmUSD,below,-100,2026-04-20T06:49:27.000Z,2026-04-20T07:04:24.000Z,897,0.989695664272084,0.989695664272084,0.989695664272084,0.9996652544621978,live
89663,alusd-alchemix,ALUSD,below,-101,2026-04-20T05:04:18.000Z,2026-04-20T06:04:30.000Z,3612,0.9898450325786772,0.989737,0.98993,0.999801,live
89662,alusd-alchemix,ALUSD,below,-100,2026-04-20T03:19:20.000Z,2026-04-20T03:34:28.000Z,908,0.989825,0.989825,0.990022,0.9998062388264924,live
89660,pmusd-precious-metals,pmUSD,below,-102,2026-04-20T02:34:47.000Z,2026-04-20T06:34:17.000Z,14370,0.9898126711335016,0.9896775229883521,0.98977,0.999828,live
89661,alusd-alchemix,ALUSD,below,-100,2026-04-20T02:34:47.000Z,2026-04-20T02:49:04.000Z,857,0.989813,0.989813,0.989926,0.999828,live
89658,pmusd-precious-metals,pmUSD,below,-101,2026-04-20T02:04:09.000Z,2026-04-20T02:19:38.000Z,929,0.989748,0.989748,0.989873,0.9998424896597251,live
89657,pmusd-precious-metals,pmUSD,below,-100,2026-04-20T01:34:55.000Z,2026-04-20T01:49:07.000Z,852,0.98981,0.98981,0.989894,0.9998226377192754,live
89659,dola-inverse-finance,DOLA,below,-160,2026-04-20T01:34:55.000Z,2026-04-20T02:34:47.000Z,3592,0.989664,0.98383,0.9901008729998373,0.9998226377192754,live
89656,pmusd-precious-metals,pmUSD,below,-102,2026-04-19T21:34:35.000Z,2026-04-20T01:19:16.000Z,13481,0.9896902352990734,0.989626,0.989891,0.9998050343695701,live
89655,dola-inverse-finance,DOLA,below,-102,2026-04-19T20:34:46.000Z,2026-04-19T21:19:39.000Z,2693,0.989561,0.989561,0.990464,0.999780309477825,live
89654,pmusd-precious-metals,pmUSD,below,-100,2026-04-19T20:04:48.000Z,2026-04-19T20:19:54.000Z,906,0.9898261856809031,0.9898261856809031,0.9898261856809031,0.9998296602228428,live
89653,pmusd-precious-metals,pmUSD,below,-100,2026-04-19T19:34:54.000Z,2026-04-19T19:49:30.000Z,876,0.9898620000000001,0.9898620000000001,0.9898261856809031,0.9998313104456856,live
89651,pmusd-precious-metals,pmUSD,below,-100,2026-04-19T19:04:42.000Z,2026-04-19T19:19:39.000Z,897,0.989778,0.989778,0.9898620000000001,0.9997952844897423,live
89652,eurs-stasis,EURS,above,3510,2026-04-19T18:35:04.000Z,2026-05-05T00:50:07.000Z,1318503,1.1999688,1.5833474055,1.15,1.175207808474338,live
89650,pmusd-precious-metals,pmUSD,below,-102,2026-04-19T16:35:03.000Z,2026-04-19T18:35:04.000Z,7201,0.9896865754341981,0.9896865754341981,0.989874,0.9998202040855169,live
89649,pmusd-precious-metals,pmUSD,below,-101,2026-04-19T14:49:48.000Z,2026-04-19T15:34:51.000Z,2703,0.989783,0.9897613788101775,0.9900054394693698,0.9998120116143793,live
89648,pmusd-precious-metals,pmUSD,below,-100,2026-04-19T13:19:45.000Z,2026-04-19T13:35:04.000Z,919,0.989794,0.989794,0.989992,0.9998,live
89647,pmusd-precious-metals,pmUSD,below,-100,2026-04-19T12:35:17.000Z,2026-04-19T13:04:44.000Z,1767,0.989764,0.989764,0.989935,0.999806,live
89646,pmusd-precious-metals,pmUSD,below,-100,2026-04-19T10:04:40.000Z,2026-04-19T10:35:06.000Z,1826,0.989868,0.989868,0.9899297234087625,0.999819,live
89645,pmusd-precious-metals,pmUSD,below,-100,2026-04-19T09:19:02.000Z,2026-04-19T09:49:55.000Z,1853,0.989782,0.989782,0.9898444697504889,0.99976324,live
89644,pmusd-precious-metals,pmUSD,below,-101,2026-04-19T07:18:58.000Z,2026-04-19T08:04:03.000Z,2705,0.9897073021017269,0.9897073021017269,0.990157,0.9997727377454003,live
89643,pmusd-precious-metals,pmUSD,below,-100,2026-04-19T05:49:03.000Z,2026-04-19T06:49:03.000Z,3600,0.9897586577561159,0.9897586577561159,0.990116,0.9997144759331151,live
89642,alusd-alchemix,ALUSD,below,-100,2026-04-19T00:49:51.000Z,2026-04-19T01:19:01.000Z,1750,0.989889115,0.989889115,0.98993504,0.9998425986934587,live
89641,meusd-mezo,MUSD,above,112,2026-04-18T23:03:56.000Z,2026-04-20T14:34:26.000Z,142230,1.01,1.011,1.0097355663879817,0.99984829,live
89640,eurs-stasis,EURS,above,296,2026-04-18T16:19:26.000Z,2026-04-18T23:34:04.000Z,26078,1.2112365997199999,1.2117332,1.1844913051383028,1.17694,live
89639,pmusd-precious-metals,pmUSD,below,-100,2026-04-18T15:34:42.000Z,2026-04-18T16:49:30.000Z,4488,0.9898755701907327,0.9898755701907327,0.989925799612108,0.9998702461887358,live
89638,pmusd-precious-metals,pmUSD,below,-101,2026-04-18T15:04:49.000Z,2026-04-18T15:19:31.000Z,882,0.989753,0.989753,0.989926,0.999814662102685,live
89637,pmusd-precious-metals,pmUSD,below,-100,2026-04-18T14:04:29.000Z,2026-04-18T14:19:46.000Z,917,0.989865,0.989865,0.989877,0.9998379492264786,live
89636,pmusd-precious-metals,pmUSD,below,-105,2026-04-18T10:49:44.000Z,2026-04-18T13:34:51.000Z,9907,0.989567,0.9893137321286688,0.989886,0.999806521657494,live
89635,usdx-hex-trust,USDX,below,-386,2026-04-18T09:19:47.000Z,2026-04-18T10:49:44.000Z,5397,0.9835303611431325,0.961225740284211,0.9905014727,0.9998268240051097,live
89634,kag-kinesis,KAG,below,-158,2026-04-18T07:34:11.000Z,2026-04-18T12:04:35.000Z,16224,79.71,79.67,82.51,80.950996,live
89633,eurs-stasis,EURS,above,275,2026-04-18T07:04:05.000Z,2026-04-18T11:49:40.000Z,17135,1.20820388,1.21,,1.17694,live
89632,pmusd-precious-metals,pmUSD,below,-101,2026-04-18T00:34:35.000Z,2026-04-18T01:49:27.000Z,4492,0.9898086880960084,0.9898086880960084,0.989912,0.9998598369677829,live
89630,pmusd-precious-metals,pmUSD,below,-100,2026-04-17T22:19:28.000Z,2026-04-17T23:34:29.000Z,4501,0.98995,0.98995,0.9899461005221847,0.9999014257813031,live
89631,usdx-hex-trust,USDX,below,-593,2026-04-17T22:04:33.000Z,2026-04-18T08:49:45.000Z,38712,0.940513,0.940513,0.9905014727,0.9997854975921742,live
89629,pmusd-precious-metals,pmUSD,below,-100,2026-04-17T21:04:21.000Z,2026-04-17T21:19:27.000Z,906,0.989872685536221,0.989872685536221,0.989971,0.9998410736028138,live
89628,usdx-hex-trust,USDX,below,-395,2026-04-17T20:04:59.000Z,2026-04-17T20:35:17.000Z,1818,0.9603690195814879,0.9603690195814879,0.9905014727,0.9998651002327071,live
89627,pmusd-precious-metals,pmUSD,below,-100,2026-04-17T19:20:01.000Z,2026-04-17T20:35:17.000Z,4516,0.989812,0.989812,0.989908,0.9998362484049537,live
89626,pmusd-precious-metals,pmUSD,below,-101,2026-04-17T18:05:01.000Z,2026-04-17T18:35:04.000Z,1803,0.9898366406127534,0.9898366406127534,0.989918,0.9999,live
89624,pmusd-precious-metals,pmUSD,below,-104,2026-04-17T13:34:53.000Z,2026-04-17T16:35:20.000Z,10827,0.9895830000000001,0.9895040756050737,0.989928,0.9999221740502975,live
89625,usdb-blast,USDB,above,101,2026-04-17T13:34:53.000Z,2026-04-17T14:20:11.000Z,2718,1.01,1.01,1.009,0.9999221740502975,live
89623,usdx-hex-trust,USDX,below,-336,2026-04-17T13:19:59.000Z,2026-04-17T18:50:05.000Z,19806,0.966363663340633,0.966363663340633,0.992866,0.9999221740502975,live
89622,usdx-hex-trust,USDX,below,-128,2026-04-17T11:19:10.000Z,2026-04-17T11:49:05.000Z,1795,0.987046,0.987046,0.9905014727,0.9998115554788412,live
89621,usdx-hex-trust,USDX,below,-408,2026-04-17T08:04:13.000Z,2026-04-17T10:04:15.000Z,7202,0.9607766445510254,0.959009915515812,0.9905014727,0.9997473407026596,live
89620,usdx-hex-trust,USDX,below,-381,2026-04-17T07:04:17.000Z,2026-04-17T07:49:05.000Z,2688,0.961735430410044,0.961735430410044,0.9905014727,0.9998214999999999,live
89619,usdx-hex-trust,USDX,below,-382,2026-04-17T05:04:29.000Z,2026-04-17T06:04:41.000Z,3612,0.961619,0.961619,0.9905014727,0.9997953228,live
89618,eurs-stasis,EURS,above,319,2026-04-17T03:34:39.000Z,2026-04-18T06:34:00.000Z,97161,1.21,1.2176967234599998,1.19,1.18,live
89617,pmusd-precious-metals,pmUSD,below,-114,2026-04-16T23:49:28.000Z,2026-04-17T13:19:59.000Z,48631,0.988675,0.988551,0.990037,0.99989996,live
89616,pmusd-precious-metals,pmUSD,below,-112,2026-04-16T22:19:38.000Z,2026-04-16T23:04:33.000Z,2695,0.989909,0.9887049156878142,0.9902523666418018,0.9999433279127466,live
89615,europ-schuman,EUROP,below,-169,2026-04-16T22:04:18.000Z,2026-04-16T22:34:27.000Z,1809,1.16,1.16,1.18,1.18,live
89614,europ-schuman,EUROP,below,-172,2026-04-16T19:04:24.000Z,2026-04-16T21:49:30.000Z,9906,1.16007536196,1.1596840695367,1.18,1.18,live
89613,europ-schuman,EUROP,below,-178,2026-04-16T18:19:27.000Z,2026-04-16T18:49:21.000Z,1794,1.1591598092158,1.15900103961,1.18,1.18,live
89612,meusd-mezo,MUSD,above,321,2026-04-16T09:04:20.000Z,2026-04-18T22:34:21.000Z,221401,1.015,1.032,1.0093038091545028,0.9998095448645962,live
89611,europ-schuman,EUROP,below,-167,2026-04-16T02:04:51.000Z,2026-04-16T09:04:20.000Z,25169,1.1602975167,1.1602975167,,1.18,live
89610,usdb-blast,USDB,above,109,2026-04-15T21:34:24.000Z,2026-04-15T22:34:16.000Z,3592,1.0108444705791593,1.0108444705791593,1.007,0.9999837890381835,live
89609,usdb-blast,USDB,above,112,2026-04-15T20:04:19.000Z,2026-04-15T21:04:11.000Z,3592,1.011,1.011,1.0084303873472886,0.999837,live
89608,kag-kinesis,KAG,below,-151,2026-04-15T14:19:21.000Z,2026-04-15T15:19:21.000Z,3600,79.21,79.21,79.706774,80.428001,live
89607,kag-kinesis,KAG,below,-163,2026-04-15T07:20:14.000Z,2026-04-15T07:49:43.000Z,1769,78.22,78.19,78.31,79.418999,live
89605,europ-schuman,EUROP,below,-163,2026-04-15T05:19:43.000Z,2026-04-15T08:49:42.000Z,12599,1.16,1.16,,1.1792703298,live
89606,kag-kinesis,KAG,below,-180,2026-04-15T05:19:43.000Z,2026-04-15T06:20:08.000Z,3625,78.57,78.57,79.442457,80.011002,live
89604,kag-kinesis,KAG,below,-195,2026-04-15T04:19:47.000Z,2026-04-15T04:49:43.000Z,1796,78.54,78.54,78.777074,80.099998,live
89603,uty-xsy,UTY,above,243,2026-04-14T10:35:10.000Z,2026-04-14T17:21:01.000Z,24351,1.024139,1.024139,0.999143,0.9999327163178044,live
89602,europ-schuman,EUROP,below,-168,2026-04-14T07:19:22.000Z,2026-04-14T08:35:03.000Z,4541,1.16,1.16,,1.179839,live
89601,uty-xsy,UTY,above,242,2026-04-14T01:34:56.000Z,2026-04-14T02:19:30.000Z,2674,1.024139,1.024139,0.9991480794946273,0.9999413613753009,live
89600,satusd-river,satUSD,below,-106,2026-04-14T01:19:23.000Z,2026-04-14T01:49:19.000Z,1796,0.989285,0.989285,0.995045,0.9999050465649382,live
89599,usdb-blast,USDB,above,270,2026-04-14T00:34:50.000Z,2026-04-14T12:34:47.000Z,43197,1.0267849297323235,1.0267849297323235,1.004,0.9997992865482492,live
89598,meusd-mezo,MUSD,above,591,2026-04-13T23:49:35.000Z,2026-04-15T19:34:09.000Z,157474,1.01,1.059,1.0096763903763246,0.9998195000000001,live
89597,kag-kinesis,KAG,above,151,2026-04-13T20:04:51.000Z,2026-04-14T15:19:57.000Z,69306,76.72,76.72,78.916536,75.581001,live
89595,meusd-mezo,MUSD,above,122,2026-04-13T18:04:57.000Z,2026-04-13T18:19:38.000Z,881,1.012,1.012,1.00771559,0.9997911944249005,live
89596,dgld-gold-token-sa,DGLD,above,161,2026-04-13T18:04:57.000Z,2026-04-13T18:49:42.000Z,2685,4792.32,4792.04,4792.39,4718.09,live
89594,dgld-gold-token-sa,DGLD,above,162,2026-04-13T17:04:47.000Z,2026-04-13T17:49:45.000Z,2698,4796.47,4796.44,4796.44,4721.075,live
89593,uty-xsy,UTY,above,243,2026-04-13T16:34:45.000Z,2026-04-13T17:19:44.000Z,2699,1.024139,1.024139,0.999236,0.9998234696459861,live
89592,dgld-gold-token-sa,DGLD,above,197,2026-04-13T15:04:54.000Z,2026-04-13T16:49:38.000Z,6284,4797.67,4797.67,4792.45,4704.94,live
89591,kag-kinesis,KAG,below,-187,2026-04-13T00:05:20.000Z,2026-04-13T20:04:51.000Z,71971,72.53,72.53,76.72,73.911003,live
89590,ggbr-goldfish-gold,GGBR,above,162,2026-04-12T20:05:00.000Z,2026-04-12T22:35:22.000Z,9022,4.7702120983,4.770789258,4.68,4.698510000000001,live
89589,ggbr-goldfish-gold,GGBR,above,154,2026-04-12T18:35:28.000Z,2026-04-12T19:50:01.000Z,4473,4.7680092666,4.7670046814,4.7693417382,4.69748,live
89587,uty-xsy,UTY,below,-110,2026-04-12T16:50:04.000Z,2026-04-12T17:20:03.000Z,1799,0.988912323267644,0.988912323267644,0.999321,0.9998972424688847,live
89588,ggbr-goldfish-gold,GGBR,above,156,2026-04-12T16:50:04.000Z,2026-04-12T17:20:03.000Z,1799,4.77,4.77,4.7643543819,4.69844,live
89585,zarp-zarp,ZARP,below,-196,2026-04-12T15:49:35.000Z,2026-04-12T19:35:14.000Z,13539,0.05968,0.05968,,0.060871,live
89586,evausdt-eva,evaUSDT,above,623,2026-04-12T15:49:35.000Z,2026-04-13T12:49:45.000Z,75610,1.062142,1.062142,,0.9999237877269262,live
89584,dgld-gold-token-sa,DGLD,above,209,2026-04-12T14:04:40.000Z,2026-04-13T13:50:00.000Z,85520,4786.5399258856,4793.35,4796.42,4697.0635659737,live
89583,dgld-gold-token-sa,DGLD,above,163,2026-04-12T13:04:58.000Z,2026-04-12T13:49:32.000Z,2674,4786.5399258856,4786.5399258856,4787.1,4709.69197,live
89581,dgld-gold-token-sa,DGLD,above,159,2026-04-12T12:04:47.000Z,2026-04-12T12:49:33.000Z,2686,4786.43,4786.43,4786.5399258856,4711.58,live
89582,kag-kinesis,KAG,below,-540,2026-04-12T12:04:47.000Z,2026-04-12T22:20:12.000Z,36925,71.91,71.91,74.82,76.014,live
89580,dgld-gold-token-sa,DGLD,above,154,2026-04-12T10:19:45.000Z,2026-04-12T11:49:46.000Z,5401,4790.08,4790.08,4784.42,4717.2,live
89579,dgld-gold-token-sa,DGLD,above,150,2026-04-12T09:04:27.000Z,2026-04-12T09:34:39.000Z,1812,4787.42,4787.42,4785.03,4716.7100168382,live
89578,dgld-gold-token-sa,DGLD,above,156,2026-04-12T08:19:40.000Z,2026-04-12T08:49:58.000Z,1818,4788.17,4788.17,4785.98,4714.66180324,live
89577,dgld-gold-token-sa,DGLD,above,155,2026-04-12T05:35:00.000Z,2026-04-12T07:04:49.000Z,5389,4788.48,4788.48,4782.7312498591,4715.2906,live
89576,uty-xsy,UTY,above,287,2026-04-12T03:04:52.000Z,2026-04-12T08:04:36.000Z,17984,1.028557,1.028557,0.9994402024442472,0.9999766580171864,live
89575,pmusd-precious-metals,pmUSD,below,-136,2026-04-12T01:50:10.000Z,2026-04-12T02:20:01.000Z,1791,0.986247,0.986247,0.9929283781050124,0.999895244385222,live
89574,pusd-pleasing,PUSD,above,139,2026-04-12T00:50:36.000Z,2026-04-12T02:05:12.000Z,4476,1.01374230176193,1.01374230176193,0.9954962746455801,0.9998166434095784,live
89573,pmusd-precious-metals,pmUSD,below,-137,2026-04-12T00:34:53.000Z,2026-04-12T01:35:06.000Z,3613,0.986178,0.986178,0.9930315634251905,0.99982731,live
89572,pmusd-precious-metals,pmUSD,below,-129,2026-04-11T23:19:59.000Z,2026-04-12T00:20:15.000Z,3616,0.9870099999999999,0.9870099999999999,0.992232,0.9998845079815727,live
89571,pmusd-precious-metals,pmUSD,below,-114,2026-04-11T21:49:59.000Z,2026-04-11T22:20:02.000Z,1803,0.988468,0.988468,0.9924649721916868,0.9998306192025813,live
89570,usdb-blast,USDB,above,332,2026-04-11T20:20:06.000Z,2026-04-11T21:49:59.000Z,5393,1.0323302756518369,1.033,0.9994979,0.999834,live
89569,dgld-gold-token-sa,DGLD,above,158,2026-04-11T19:05:20.000Z,2026-04-11T19:35:13.000Z,1793,4815.0619562865,4815.0619562865,4795.37,4740,live
89568,dgld-gold-token-sa,DGLD,above,158,2026-04-11T17:50:02.000Z,2026-04-11T18:35:09.000Z,2707,4815.0619562865,4815.0619562865,4815.0619562865,4740,live
89567,dgld-gold-token-sa,DGLD,above,158,2026-04-11T16:50:16.000Z,2026-04-11T17:35:07.000Z,2691,4815.0619562865,4815.0619562865,4815.0619562865,4740,live
89566,dgld-gold-token-sa,DGLD,above,169,2026-04-11T15:50:05.000Z,2026-04-11T16:19:54.000Z,1789,4815.0619562865,4815.0619562865,4815.0619562865,4735.12,live
89565,zarp-zarp,ZARP,below,-161,2026-04-11T13:20:10.000Z,2026-04-11T19:20:20.000Z,21610,0.059931,0.059893,0.06001608057,0.06090854,live
89563,usdb-blast,USDB,above,150,2026-04-11T12:19:14.000Z,2026-04-11T14:20:00.000Z,7246,1.015,1.015,1,0.9999528653341676,live
89564,eurr-stablr,EURR,below,-183,2026-04-11T12:19:14.000Z,2026-04-11T13:20:10.000Z,3656,1.15,1.15,,1.17,live
89561,gyd-gyroscope,GYD,below,-1520,2026-04-11T11:04:29.000Z,2026-04-14T12:34:47.000Z,264618,0.8480239228617057,0.8480239228617057,,0.9998717636351516,live
89562,uty-xsy,UTY,above,287,2026-04-11T11:04:29.000Z,2026-04-11T20:20:06.000Z,33337,1.028557,1.028557,0.9994318505021791,0.9998717636351516,live
89560,dgld-gold-token-sa,DGLD,above,170,2026-04-11T10:19:24.000Z,2026-04-11T11:34:25.000Z,4501,4816.264620838,4816.264620838,4798.41,4736.105,live
89559,dgld-gold-token-sa,DGLD,above,171,2026-04-11T09:04:26.000Z,2026-04-11T09:49:14.000Z,2688,4816.264620838,4816.264620838,4816.264620838,4735.6894611200005,live
89558,usdb-blast,USDB,above,130,2026-04-11T03:19:54.000Z,2026-04-11T04:49:41.000Z,5387,1.013,1.013,1.008,1,live
89557,dgld-gold-token-sa,DGLD,above,164,2026-04-11T02:35:01.000Z,2026-04-11T08:49:30.000Z,22469,4811.8407056715,4811.8407056715,4816.264620838,4734.56074727,live
89556,usdb-blast,USDB,above,140,2026-04-11T01:04:59.000Z,2026-04-11T02:49:52.000Z,6293,1.01,1.014,1.007,0.9999583184121104,live
89554,dgld-gold-token-sa,DGLD,above,152,2026-04-10T22:35:04.000Z,2026-04-11T00:05:03.000Z,5399,4811.8407056715,4811.8407056715,4811.8407056715,4739.58,live
89555,kag-kinesis,KAG,below,-204,2026-04-10T22:35:04.000Z,2026-04-11T00:19:52.000Z,6288,74.46,74.46,75.498633,76.014,live
89553,dgld-gold-token-sa,DGLD,above,150,2026-04-10T21:19:57.000Z,2026-04-10T22:04:37.000Z,2680,4811.8407056715,4811.8407056715,4811.8407056715,4740.87,live
89552,usdb-blast,USDB,above,160,2026-04-10T19:05:04.000Z,2026-04-11T00:50:26.000Z,20722,1.016,1.016,1.004,1,live
89551,usdb-blast,USDB,above,130,2026-04-10T17:04:15.000Z,2026-04-10T17:49:50.000Z,2735,1.013039623958444,1.013039623958444,1.0031420198531222,1,live
89550,usdb-blast,USDB,above,100,2026-04-10T15:34:09.000Z,2026-04-10T16:04:07.000Z,1798,1.01,1.01,0.9994034700000001,0.9999715687215813,live
89549,eurr-stablr,EURR,below,-171,2026-04-09T17:19:30.000Z,2026-04-09T17:50:00.000Z,1830,1.15,1.15,,1.17,live
89698,ausdt-tether-alloy,aUSD₮,below,-290,2026-04-09T16:02:21.000Z,2026-04-10T03:02:24.000Z,39603,0.9710737735206267,0.9710449313990966,0.9994202731215731,1,backfill
