# Pharos pharos.watch | Endpoint: scores-latest | As of: 2026-07-08T08:00:33.000Z | URL: https://pharos.watch/sheets/scores-latest.csv | Methodology: safety-score v8.13 | dews v6.095 | liquidity v5.84 | Freshness: point-in-time sample; not guaranteed to track production freshness
stablecoinId,symbol,pegScore,safetyScore,safetyGrade,dewsScore,dewsBand,liquidityScore,coverageClass
usdt-tether,USDT,,72,B,14,CALM,64,mixed
usdc-circle,USDC,,76,B+,10,CALM,70,mixed
usds-sky,USDS,,82,A-,11,CALM,64,mixed
dai-makerdao,DAI,,83,A,15,CALM,52,mixed
usd1-world-liberty-financial,USD1,,66,B-,20,WATCH,54,mixed
usde-ethena,USDe,,57,C,19,WATCH,57,mixed
usyc-hashnote,USYC,,50,C-,,,8,unobserved
buidl-blackrock,BUIDL,,67,B-,7,CALM,,unobserved
usdg-paxos,USDG,,73,B,11,CALM,70,mixed
pyusd-paypal,PYUSD,,75,B+,18,WATCH,63,mixed
usdy-ondo-finance,USDY,,62,C+,,,34,mixed
rlusd-ripple,RLUSD,,72,B,15,CALM,62,mixed
usdd-tron-dao-reserve,USDD,,55,C,3,CALM,25,fallback
usdf-falcon,USDf,,59,C,16,WATCH,52,mixed
u-united-stables,U,,57,C,2,CALM,46,mixed
usdgo-osl,USDGO,,64,C+,5,CALM,54,fallback
usdtb-ethena,USDTB,,59,C,12,CALM,61,primary
406,pUSD,,,,,,,
gho-aave,GHO,,73,B,11,CALM,72,mixed
usd0-usual,USD0,,50,C-,15,CALM,51,mixed
ylds-figure,YLDS,,75,B+,,,62,mixed
usx-solstice,USX,,55,C,14,CALM,44,primary
tusd-trueusd,TUSD,,50,C-,13,CALM,46,mixed
apxusd-apyx,apxUSD,,20,F,27,WATCH,70,mixed
rwausdi-multipli,rwaUSDi,,50,C-,7,CALM,,unobserved
fdusd-first-digital,FDUSD,,52,C-,22,WATCH,16,mixed
gusd-gate,GUSD,,53,C-,1,CALM,48,fallback
m-m0,M,,54,C-,13,CALM,,unobserved
usdm-mega,USDM,,47,D,20,WATCH,30,fallback
153,BUSD,,,,,,,
crvusd-curve,crvUSD,,74,B,7,CALM,81,mixed
usdai-usd-ai,USDai,,61,C+,12,CALM,40,mixed
17,HUSD,,,,,,,
ausd-agora,AUSD,,83,A,5,CALM,90,mixed
usat-tether,USAT,,63,C+,14,CALM,34,mixed
frax-frax,FRAX,,56,C,28,WATCH,54,mixed
21,FLEXUSD,,,,,,,
reusd-re-protocol,reUSD,,66,B-,,,72,mixed
satusd-river,satUSD,,38,F,10,CALM,21,fallback
328,MUST,,,,,,,
usda-avalon,USDA,,0,F,21,WATCH,16,mixed
cash-phantom,CASH,,62,C+,13,CALM,43,primary
moveusd-cfx,MOVEUSD,,55,C,15,CALM,31,primary
usdf-astherus,USDF,,53,C-,8,CALM,,unobserved
frxusd-frax,FRXUSD,,70,B,15,CALM,79,mixed
avusd-avant,avUSD,,46,D,8,CALM,47,mixed
dusd-standx,DUSD,,46,D,20,WATCH,28,mixed
400,USDAT,,,,,,,
407,UUSD,,,,,,,
315,USPD,,,,,,,
cusd-cap,CUSD,,67,B-,9,CALM,14,fallback
dola-inverse-finance,DOLA,,54,C-,19,WATCH,51,mixed
405,USDA,,,,,,,
cgusd-cygnus-finance,cgUSD,,50,C-,10,CALM,,unobserved
lisusd-lista,LISUSD,,40,D,22,WATCH,30,mixed
pmusd-precious-metals,pmUSD,,0,F,36,ALERT,29,mixed
susd-synthetix,SUSD,,,,31,WATCH,53,mixed
nusd-neutrl,NUSD,,60,C+,9,CALM,51,primary
usdsui-sui,USDSUI,,70,B,6,CALM,54,mixed
97,USP,,,,,,,
408,USDon,,,,,,,
iusd-infinifi,IUSD,,51,C-,8,CALM,46,primary
usdu-unitas,USDU,,57,C,19,WATCH,43,primary
fxusd-f-x-protocol,fxUSD,,72,B,11,CALM,77,mixed
jupusd-jupiter,JUPUSD,,63,C+,12,CALM,59,primary
401,trUSD,,,,,,,
409,USDKG,,,,,,,
fidd-fidelity,FIDD,,77,B+,17,WATCH,66,mixed
xusd-straitsx,XUSD,,62,C+,6,CALM,34,mixed
398,USDV,,,,,,,
yzusd-yuzu,YZUSD,,47,D,7,CALM,42,primary
gusd-gemini,GUSD,,69,B-,17,WATCH,31,mixed
4,BUSD,,,,,,,
yusd-aegis,YUSD,,49,D,11,CALM,52,mixed
67,BEAN,,,,,,,
musd-metamask,MUSD,,65,B-,15,CALM,59,mixed
reusd-resupply,REUSD,,50,C-,19,WATCH,50,mixed
usdp-paxos,USDP,,76,B+,14,CALM,65,mixed
usdo-openeden,USDO,,46,D,16,WATCH,36,primary
usn-noon,USN,,58,C,9,CALM,70,primary
bold-liquity,BOLD,,90,A+,11,CALM,78,mixed
msusd-metronome,MSUSD,,64,C+,13,CALM,82,mixed
lusd-liquity,LUSD,,85,A,27,WATCH,44,mixed
meusd-mezo,MUSD,,60,C+,30,WATCH,39,mixed
zeusd-zoth,ZeUSD,,39,F,7,CALM,14,fallback
185,GYD,,,,,,,
buck-bucket-protocol,BUCK,,56,C,1,CALM,55,mixed
410,USDU,,,,,,,
ctusd-citrea,ctUSD,,44,D,8,CALM,25,primary
eusd-electronic-usd,EUSD,,69,B-,11,CALM,80,mixed
msusd-main-street,MSUSD,,,,52,ALERT,36,mixed
usdx-hex-trust,USDX,,42,D,27,WATCH,27,mixed
413,SPUSD,,,,,,,
uty-xsy,UTY,,34,F,37,ALERT,28,fallback
usx-dforce,USX,,31,F,8,CALM,14,fallback
85,USDR,,,,,,,
aid-gaib,AID,,47,D,21,WATCH,18,mixed
pathusd-bridge,pathUSD,,64,C+,12,CALM,,unobserved
63,FUSD,,,,,,,
31,USDS,,,,,,,
usdh-native-markets,USDH,,50,C-,4,CALM,34,fallback
12,USDN,,,,,,,
29,TOR,,,,,,,
honey-berachain,HONEY,,45,D,13,CALM,63,mixed
aznd-mu-digital,AZND,,58,C,,,38,primary
cusd-celo,USDm,,57,C,14,CALM,72,mixed
usdm-moneta,USDM,,37,F,11,CALM,,unobserved
suiusde-sui,suiUSDe,,48,D,6,CALM,48,mixed
411,USDSM,,,,,,,
usdb-blast,USDB,,49,D,14,CALM,22,fallback
usdcv-societe-generale-forge,USDCV,,69,B-,8,CALM,56,primary
hyusd-hylo,HYUSD,,75,B+,10,CALM,77,mixed
13,YUSD,,,,,,,
uusd-youves,UUSD,,0,F,33,WATCH,,unobserved
hollar-hydrated,HOLLAR,,54,C-,2,CALM,62,fallback
feusd-felix,FEUSD,,58,C,3,CALM,47,fallback
115,R,,,,,,,
232,PINTO,,,,,,,
wusd-worldwide,WUSD,,65,B-,14,CALM,57,fallback
308,D,,,,,,,
alusd-alchemix,ALUSD,,38,F,41,ALERT,36,mixed
416,eUSD,,,,,,,
sbc-brale,SBC,,68,B-,3,CALM,51,mixed
244,USDL,,,,,,,
415,RUSD,,,,,,,
usp-pikudao,USP,,48,D,,,46,mixed
usdq-quantoz,USDQ,,57,C,16,WATCH,27,mixed
usdz-anzen,USDz,,36,F,44,ALERT,31,mixed
nxusd-nereus,NXUSD,,49,D,25,WATCH,39,mixed
usbd-bima,USBD,,63,C+,0,CALM,,unobserved
ousd-origin-protocol,OUSD,,63,C+,12,CALM,75,primary
usdx-kava,USDX,,50,C-,41,ALERT,,unobserved
btcusd-btcfi,BtcUSD,,44,D,30,WATCH,,unobserved
home-homecoin,HOME,,47,D,32,WATCH,33,mixed
214,USDX,,,,,,,
391,USDST,,,,,,,
xai-silo-finance,XAI,,73,B,7,CALM,,unobserved
pusd-plume,pUSD,,42,D,8,CALM,14,fallback
usda-anzens,USDA,,53,C-,13,CALM,,unobserved
16,PAI,,,,,,,
usdnr-nerona,USDnr,,30,F,14,CALM,,unobserved
usd3-reserve-protocol,USD3,,63,C+,,,47,primary
iusd-initia,iUSD,,59,C,6,CALM,,unobserved
9,FEI,,,,,,,
usdn-noble,USDN,,41,D,13,CALM,,unobserved
mim-abracadabra,MIM,,0,F,49,ALERT,72,mixed
314,PUSD,,,,,,,
26,MUSD,,,,,,,
doc-money-on-chain,DOC,,68,B-,11,CALM,58,mixed
dusd-fluid,DUSD,,64,C+,7,CALM,,unobserved
djed-coti,DJED,,52,C-,29,WATCH,,unobserved
33,USDP,,,,,,,
404,USDM,,,,,,,
usdh-hermetica,USDH,,44,D,8,CALM,,unobserved
usdrif-rif,USDRIF,,55,C,8,CALM,53,mixed
nusd-nexus,NUSD,,61,C+,7,CALM,,unobserved
28,VAI,,,,,,,
ussd-sonic-labs,USSD,,51,C-,7,CALM,54,mixed
397,beatUSD,,,,,,,
236,syUSD,,,,,,,
usdp-parallel,USDp,,66,B-,9,CALM,60,mixed
xusd-babelfish,XUSD,,47,D,16,WATCH,35,primary
dllr-sovryn,DLLR,,59,C,7,CALM,30,primary
iusd-indigo-protocol,IUSD,,64,C+,9,CALM,,unobserved
usdv-solomon,USDV,,26,F,0,CALM,,unobserved
224,dUSD,,,,,,,
83,USDW,,,,,,,
268,YU,,,,,,,
54,USN,,,,,,,
76,USDI,,,,,,,
378,USDso,,,,,,,
152,USDL,,,,,,,
132,USDM,,,,,,,
78,NOTE,,,,,,,
zkusd-goal3,zkUSD,,49,D,7,CALM,,unobserved
usdglo-glo,USDGLO,,72,B,12,CALM,65,mixed
usdh-hubble,USDH,,54,C-,30,WATCH,20,primary
susd-solayer,sUSD,,,,32,WATCH,,unobserved
usdpt-western-union,USDPT,,,,,,,
fusd-finchain,FUSD,,,,8,CALM,,unobserved
bnusd-balanced,BNUSD,,,,8,CALM,,unobserved
usr-resolv,USR,,,,35,WATCH,33,fallback
107,CZUSD,,,,,,,
92,PINA,,,,,,,
192,USDA,,,,,,,
scusd-rings,SCUSD,,55,C,8,CALM,50,mixed
43,ZUSD,,,,,,,
dusd-alto,DUSD,,,,8,CALM,45,mixed
fxd-fathom,FXD,,,,48,ALERT,8,unobserved
81,USK,,,,,,,
usdn-smardex,USDN,,,,16,WATCH,,unobserved
125,eUSD(v2),,,,,,,
341,PUSD,,,,,,,
175,PXDC,,,,,,,
46,USD+,,,,,,,
285,GGUSD,,,,,,,
211,THUSD,,,,,,,
72,KUSD,,,,,,,
32,USDS,,,,,,,
229,LVLUSD,,,,,,,
weusd-picwe,WEUSD,,37,F,25,WATCH,17,fallback
27,USDK,,,,,,,
171,HAI,,,,,,,
198,aUSD,,,,,,,
143,USDV,,,,,,,
58,3USD,,,,,,,
333,mantraUSD,,,,,,,
293,BNBUSD,,,,,,,
180,BREAD,,,,,,,
usdr-stablr,USDR,,,,16,WATCH,47,fallback
206,CASH,,,,,,,
nect-beraborrow,NECT,,48,D,13,CALM,53,fallback
rusd-reservoir,rUSD,,,,9,CALM,37,fallback
usdaf-asymmetry,USDaf,,71,B,25,WATCH,54,mixed
181,zunUSD,,,,,,,
64,UXD,,,,,,,
174,rUSD,,,,,,,
191,bitUSD,,,,,,,
126,mkUSD,,,,,,,
112,USDT+,,,,,,,
48,BAI,,,,,,,
227,BOLD,,,,,,,
164,USDCB,,,,,,,
73,USDTZ,,,,,,,
ist-agoric,IST,,,,34,WATCH,,unobserved
25,RSV,,,,,,,
38,STBL,,,,,,,
59,SIGUSD,,,,,,,
68,USDL,,,,,,,
usdxl-last,USDXL,,37,F,17,WATCH,39,fallback
130,SVUSD,,,,,,,
311,IAUSD,,,,,,,
116,GRAI,,,,,,,
248,USDFC,,,,,,,
34,USDB,,,,,,,
usdq-quill,USDQ,,,,0,CALM,,unobserved
104,DUSD,,,,,,,
337,USE,,,,,,,
45,aSEED,,,,,,,
144,HYUSD,,,,,,,
124,peUSD,,,,,,,
188,USC,,,,,,,
233,USDS,,,,,,,
149,USDS,,,,,,,
109,EUSD,,,,,,,
394,invUSD,,,,,,,
184,WEN,,,,,,,
37,USDJ,,,,,,,
142,HYDT,,,,,,,
82,ARUSD,,,,,,,
71,VST,,,,,,,
99,CASH,,,,,,,
148,MyUSD,,,,,,,
123,STAR,,,,,,,
374,phUSD,,,,,,,
usdu-usdu-finance,USDU,,63,C+,12,CALM,51,mixed
243,csUSDL,,,,,,,
357,BYC,,,,,,,
260,VUSD,,,,,,,
usnd-nerite,USND,,,,11,CALM,42,fallback
201,HEXDC,,,,,,,
117,ERN,,,,,,,
264,USDE,,,,,,,
294,USDA+,,,,,,,
90,RUSD,,,,,,,
57,USH,,,,,,,
212,MOD,,,,,,,
96,CUSD,,,,,,,
364,WAD,,,,,,,
ebusd-ebisu,EBUSD,,44,D,37,ALERT,28,primary
207,DYAD,,,,,,,
323,KEI,,,,,,,
276,USH,,,,,,,
114,clevUSD,,,,,,,
138,eUSD,,,,,,,
94,BAOUSD,,,,,,,
193,USC,,,,,,,
100,DSU,,,,,,,
84,BOB,,,,,,,
222,PAUSD,,,,,,,
111,DAI+,,,,,,,
74,MONEY,,,,,,,
169,GAI,,,,,,,
177,UNO,,,,,,,
189,btcUSD,,,,,,,
163,ULTRA,,,,,,,
267,MEAD,,,,,,,
338,FUSD,,,,,,,
208,DCKUSD,,,,,,,
190,rgUSD,,,,,,,
259,MSD,,,,,,,
102,ANONUSD,,,,,,,
108,d2O,,,,,,,
61,FIAT,,,,,,,
62,PUSD,,,,,,,
301,JUSD,,,,,,,
128,NEX,,,,,,,
223,XY,,,,,,,
87,USDI,,,,,,,
187,KNOX,,,,,,,
273,USDaf,,,,,,,
396,USDeAD,,,,,,,
usdk-orki,USDK,,,,7,CALM,,unobserved
279,paraUSD,,,,,,,
330,xpUSD,,,,,,,
kusd-kerne,kUSD,,,,,,,
345,USDU,,,,,,,
150,SCB,,,,,,,
318,litUSD,,,,,,,
121,sLSD,,,,,,,
134,CASH,,,,,,,
203,cUSD,,,,,,,
395,FUSD,,,,,,,
320,USDR,,,,,,,
375,USDMO,,,,,,,
210,DEUSD,,,,,,,
196,USC,,,,,,,
ust-terra,USTC,,,,,,,
39,VOLT,,,,,,,
40,RAI,,,,,,,
41,FLOAT,,,,,,,
49,EURT,,,,,,,
eurc-circle,EURC,,75,B+,10,CALM,78,mixed
eurs-stasis,EURS,,31,F,36,ALERT,50,mixed
ceur-celo,EURm,,55,C,29,WATCH,66,mixed
53,SEUR,,,,,,,
55,EURA,,,,,,,
56,PAR,,,,,,,
fpi-frax,FPI,,52,C-,,,22,mixed
91,IBEUR,,,,,,,
euroe-membrane,EUROe,,,,20,WATCH,41,fallback
eure-monerium,EURE,,69,B-,23,WATCH,55,mixed
105,DCHF,,,,,,,
silk-shade-protocol,SILK,,62,C+,,,,unobserved
gyen-gyen,GYEN,,31,F,9,CALM,37,mixed
127,LCNY,,,,,,,
131,UAHT,,,,,,,
133,NARS,,,,,,,
137,CDT,,,,,,,
139,eEUR,,,,,,,
140,eGBP,,,,,,,
cadc-cad-coin,CADC,,54,C-,7,CALM,74,primary
aeur-anchored-coins,AEUR,,49,D,21,WATCH,43,fallback
vchf-vnx,VCHF,,75,B+,17,WATCH,68,mixed
161,EURD,,,,,,,
audd-novatti,AUDD,,63,C+,10,CALM,54,mixed
167,fETH,,,,,,,
euro3-3a-dao,EURO3,,,,26,WATCH,,unobserved
cjpy-yamato,CJPY,,,,20,WATCH,61,mixed
182,zunETH,,,,,,,
isc-international-stable-currency,ISC,,52,C-,,,,unobserved
brlm-mento,BRLm,,,,10,CALM,67,mixed
hchf-hedera-swiss-franc,HCHF,,,,,,,unobserved
zchf-frankencoin,ZCHF,,68,B-,13,CALM,68,mixed
eurr-stablr,EURR,,,,20,WATCH,33,mixed
europ-schuman,EUROP,,61,C+,16,WATCH,33,mixed
eurcv-societe-generale-forge,EURCV,,73,B,1,CALM,66,primary
a7a5-old-vector,A7A5,,35,F,16,WATCH,29,primary
eurq-quantoz,EURQ,,58,C,,,32,primary
280,CNHT,,,,,,,
281,MXNT,,,,,,,
xsgd-straitsx,XSGD,,81,A-,9,CALM,87,mixed
vgbp-vnx,VGBP,,,,16,WATCH,52,primary
pht-pht,PHT,,36,F,15,CALM,16,fallback
tryb-bilira,TRYB,,44,D,33,WATCH,30,mixed
tgbp-tokenised,tGBP,,67,B-,26,WATCH,48,mixed
eurau-allunity,EURAU,,71,B,9,CALM,68,primary
euri-banking-circle,EURI,,72,B,5,CALM,61,fallback
audm-macropod,AUDM,,69,B-,7,CALM,53,mixed
351,RUBT,,,,,,,
352,BRTH,,,,,,,
jpyc-jpyc,JPYC,,65,B-,18,WATCH,58,mixed
gbpm-mento,GBPm,,,,21,WATCH,50,primary
cadm-mento,CADm,,,,,,14,fallback
audm-mento,AUDm,,,,6,CALM,78,primary
copm-mento,COPm,,,,14,CALM,34,fallback
jpym-mento,JPYm,,,,8,CALM,53,primary
brla-brla-digital,BRLA,,67,B-,30,WATCH,64,mixed
kesm-mento,KESm,,,,11,CALM,75,mixed
zarm-mento,ZARm,,,,0,CALM,80,primary
369,NGNm,,,,,,,
chfm-mento,CHFm,,,,6,CALM,65,mixed
xofm-mento,XOFm,,,,6,CALM,82,mixed
ghsm-mento,GHSm,,,,7,CALM,81,mixed
wars-argentine-peso,WARS,,48,D,26,WATCH,33,mixed
wbrl-ripio,WBRL,,,,25,WATCH,31,fallback
wclp-ripio,WCLP,,,,12,CALM,32,fallback
wcop-ripio,WCOP,,,,7,CALM,44,fallback
wmxn-ripio,WMXN,,,,29,WATCH,34,fallback
wpen-ripio,WPEN,,,,7,CALM,20,fallback
cadd-cad-digital,CADD,,,,4,CALM,45,primary
392,EURW,,,,,,,
393,haEUR,,,,,,,
399,GBPA,,,,,,,
412,MYRT,,,,,,,
414,REUR,,,,,,,
buck-buck-assets,BUCK,,,,30,WATCH,,unobserved
msy-main-street,msY,,,,,,30,primary
xaut-tether,XAUT,,73,B,26,WATCH,68,mixed
xnk-kinka,XNK,,43,D,27,WATCH,8,unobserved
paxg-paxos,PAXG,,73,B,20,WATCH,58,mixed
gldy-streamex,GLDY,,56,C,10,CALM,,unobserved
kau-kinesis,KAU,,59,C,7,CALM,42,fallback
xaum-matrixdock,XAUm,,56,C,27,WATCH,30,mixed
vnxau-vnx,VNXAU,,73,B,18,WATCH,63,mixed
gramg-token-teknoloji,GRAMG,,,,,,42,fallback
cgo-comtech,CGO,,63,C+,6,CALM,43,fallback
dgld-gold-token-sa,DGLD,,53,C-,21,WATCH,40,mixed
ggbr-goldfish-gold,GGBR,,48,D,10,CALM,,unobserved
gldt-gold-dao,GLDT,,,,26,WATCH,,unobserved
xagm-matrixdock,XAGm,,56,C,29,WATCH,26,primary
grams-token-teknoloji,GRAMS,,,,,,42,fallback
kag-kinesis,KAG,,61,C+,30,WATCH,48,fallback
susdt-spark,spUSDT,,71,B,,,14,fallback
steakusdt-steakhouse,steakUSDT,,68,B-,,,14,fallback
susdc-spark,spUSDC,,62,C+,,,,unobserved
gtusdcp-gauntlet,gtUSDCp,,70,B,,,15,fallback
gtusdc-gauntlet,gtUSDC,,70,B,,,23,fallback
yvusdc-yearn,yvUSDC-1,,70,B,,,14,fallback
steakusdc-steakhouse,steakUSDC,,70,B,,,,unobserved
bbqusdc-steakhouse,bbqUSDC,,68,B-,,,,unobserved
srusde-strata,srUSDe,,34,F,,,36,fallback
susde-ethena,sUSDe,,48,D,,,50,mixed
susds-sky,sUSDS,,79,B+,,,35,mixed
stusds-sky,stUSDS,,79,B+,,,46,mixed
susd1plus-lorenzo,sUSD1+,,33,F,,,,unobserved
sdai-sky,sDAI,,80,A-,,,59,mixed
aa-falconx-mev-capital,AA_FalconXUSDC,,52,C-,,,,unobserved
vbill-vaneck,VBILL,,68,B-,,,,unobserved
acred-apollo-securitize,ACRED,,56,C,,,,unobserved
jaaa-janus-henderson-anemoy,JAAA,,57,C,,,,unobserved
acrdx-anemoy-apollo,ACRDX,,57,C,,,,unobserved
stac-securitize,STAC,,56,C,,,,unobserved
hlscope-hamilton-lane,HLSCOPE,,57,C,,,,unobserved
pc0000031-tradable,PC0000031,,49,D,7,CALM,,unobserved
pc0000033-tradable,PC0000033,,49,D,7,CALM,,unobserved
pc0000101-tradable,PC0000101,,49,D,7,CALM,,unobserved
pc0000089-tradable,PC0000089,,49,D,7,CALM,,unobserved
susdd-tron-dao-reserve,sUSDD,,33,F,,,14,fallback
bfusd-binance,BFUSD,,46,D,11,CALM,44,fallback
susdai-usd-ai,sUSDai,,59,C,,,76,mixed
sgho-aave,sGHO,,73,B,,,,unobserved
stkgho-umbrella-aave,stkGHO.v1,,62,C+,,,14,fallback
stcusd-cap,stcUSD,,67,B-,,,15,fallback
scrvusd-curve,scrvUSD,,74,B,,,63,mixed
sdola-inverse-finance,sDOLA,,48,D,,,46,mixed
asusdf-astherus,asUSDF,,44,D,,,,unobserved
brz-transfero,BRZ,,48,D,8,CALM,60,mixed
sfrxusd-frax,sfrxUSD,,66,B-,,,64,mixed
savusd-avant,savUSD,,42,D,,,36,mixed
usdkg-gold-dollar,USDKG,,57,C,19,WATCH,36,primary
pusd-polymarket,PUSD,,59,C,9,CALM,40,mixed
xdai-gnosis,xDAI,,67,B-,3,CALM,69,mixed
usdon-ondo,USDon,,53,C-,18,WATCH,18,fallback
cusdo-openeden,cUSDO,,46,D,,,63,primary
brlv-crown,BRLV,,56,C,10,CALM,33,fallback
reur-royal-euro,REUR,,62,C+,35,WATCH,,unobserved
ausdt-tether-alloy,aUSD₮,,44,D,9,CALM,25,primary
hbd-hive,HBD,,63,C+,32,WATCH,,unobserved
syusd-aegis,sYUSD,,45,D,,,14,fallback
sbold-k3-capital,sBOLD,,55,C,,,,unobserved
ybold-yearn,yBOLD,,84,A,,,,unobserved
fxsave-f-x-protocol,fxSAVE,,47,D,,,16,mixed
susn-noon,sUSN,,50,C-,,,64,primary
mai-qidao,MAI,,52,C-,39,ALERT,59,mixed
usdr-ring,USDR,,,,6,CALM,56,primary
syzusd-yuzu,syzUSD,,38,F,,,35,primary
usdsc-startale,USDSC,,53,C-,12,CALM,36,fallback
wm-m0,wM,,60,C+,14,CALM,80,primary
usdat-saturn,USDat,,52,C-,10,CALM,73,mixed
usdk-kast,USDK,,37,F,7,CALM,,unobserved
xo-exodus,XO,,48,D,8,CALM,,unobserved
dusd-dtrinity,dUSD,,55,C,22,WATCH,45,primary
sdusd-dtrinity,sdUSD,,47,D,,,39,primary
ustb-superstate,USTB,,60,C+,,,,unobserved
ousg-ondo-finance,OUSG,,55,C,,,,unobserved
slvon-ondo,SLVon,,67,B-,,,56,mixed
iauon-ondo,IAUon,,67,B-,,,56,fallback
mtbill-midas,mTBILL,,56,C,,,,unobserved
mre7yield-midas,mRe7YIELD,,39,F,,,25,mixed
mf-one-midas,mF-ONE,,49,D,,,,unobserved
mglobal-midas-fasanara,mGLOBAL,,49,D,,,,unobserved
mhyper-midas,mHYPER,,38,F,,,21,fallback
mmev-midas,mMEV,,35,F,,,14,fallback
mapollo-midas,mAPOLLO,,35,F,,,14,fallback
safo-spiko-usd,SAFO,,61,C+,,,,unobserved
spkcc-spiko,SPKCC,,58,C,,,,unobserved
eursafo-spiko,EURSAFO,,60,C+,,,,unobserved
eurspkcc-spiko,EURSPKCC,,59,C,,,,unobserved
uktbl-spiko,UKTBL,,68,B-,,,,unobserved
gbpsafo-spiko,GBPSAFO,,60,C+,,,,unobserved
jtrsy-anemoy,JTRSY,,68,B-,,,,unobserved
ustbl-spiko,USTBL,,68,B-,,,,unobserved
bib01-backed,bIB01,,68,B-,,,,unobserved
thbill-theo,thBILL,,64,C+,,,54,mixed
wsrusd-reservoir,wsrUSD,,41,D,,,14,fallback
srusd-reservoir,srUSD,,39,F,,,,unobserved
jpyc-jpyc-v1,JPYC,,,,33,WATCH,19,primary
axcnh-anchorx,AxCNH,,63,C+,14,CALM,,unobserved
idrt-rupiah-token,IDRT,,45,D,18,WATCH,21,fallback
kgst-kyrgyz-som,KGST,,66,B-,12,CALM,58,fallback
audf-forte,AUDF,,74,B,8,CALM,65,mixed
eutbl-spiko,EUTBL,,68,B-,,,,unobserved
bc3m-backed,bC3M,,68,B-,,,,unobserved
gbpe-monerium,GBPe,,,,16,WATCH,,unobserved
deuro-deuro,DEURO,,49,D,18,WATCH,17,fallback
audx-aussie-dollar-token,AUDX,,66,B-,6,CALM,61,fallback
chfau-allunity,CHFAU,,64,C+,1,CALM,,unobserved
zarp-zarp,ZARP,,48,D,26,WATCH,42,mixed
qcad-stablecorp,QCAD,,68,B-,8,CALM,,unobserved
syrupusdc-maple,syrupUSDC,,61,C+,,,56,mixed
syrupusdt-maple,syrupUSDT,,52,C-,,,37,primary
yousd-yield-optimizer,yoUSD,,53,C-,,,27,fallback
inalpha-nest,inALPHA,,47,D,,,,unobserved
ntbill-nest,nTBILL,,52,C-,,,,unobserved
nbasis-nest,nBASIS,,40,D,,,,unobserved
nopal-nest,nOPAL,,41,D,,,,unobserved
nwisdom-nest,nWISDOM,,49,D,,,,unobserved
eusd-telcoin,eUSD,,71,B,7,CALM,57,primary
fusd-freedom-dollar,FUSD,,63,C+,6,CALM,58,fallback
zsd-zephyr-protocol,ZSD,,,,43,ALERT,8,unobserved
zys-zephyr-protocol,ZYS,,51,C-,,,,unobserved
autousd-auto-finance,autoUSD,,58,C,,,,unobserved
eearn-ember,eEARN,,38,F,,,,unobserved
yusd-yieldfi,YUSD,,46,D,,,20,fallback
spusd-soulpeg,spUSD,,45,D,17,WATCH,14,fallback
uusd-anything-labs,UUSD,,50,C-,7,CALM,,unobserved
jusd-juicedollar,JUSD,,,,35,WATCH,,unobserved
usda-alpha-partner,USDA,,49,D,33,WATCH,,unobserved
said-gaib,sAID,,39,F,,,16,fallback
apyusd-apyx,apyUSD,,13,F,,,75,mixed
stusd-stoneyield,stUSD,,48,D,,,33,fallback
vusd-virtue,VUSD,,,,10,CALM,51,fallback
lvusd-leverup,lvUSD,,58,C,18,WATCH,51,fallback
xmd-metal-dollar,XMD,,,,17,WATCH,,unobserved
hlusd-hela,HLUSD,,,,6,CALM,8,unobserved
money-defi-money,MONEY,,50,C-,18,WATCH,22,fallback
cdxusd-cod3x,cdxUSD,,46,D,18,WATCH,15,fallback
cdp-enosys,CDP,,65,B-,13,CALM,,unobserved
vcred-vcred,vCRED,,42,D,,,22,primary
susd-hedgecore,sUSD,,51,C-,10,CALM,31,fallback
luausd-lumi-finance,LUAUSD,,61,C+,,,62,primary
xtusd-xt,XTUSD,,47,D,5,CALM,49,fallback
wemix-dollar-wemix,WEMIX$,,53,C-,18,WATCH,,unobserved
usg-tangent,USG,,61,C+,18,WATCH,52,primary
ftusd-flying-tulip,ftUSD,,59,C,9,CALM,56,primary
idrx-idrx,IDRX,,65,B-,17,WATCH,65,primary
cngn-compliant-naira,cNGN,,55,C,23,WATCH,37,mixed
mxnb-juno,MXNB,,73,B,14,CALM,71,mixed
brl1-brl1,BRL1,,54,C-,15,CALM,44,mixed
myrc-blox,MYRC,,65,B-,16,WATCH,58,primary
krwq-iq,KRWQ,,58,C,18,WATCH,59,mixed
eur0-usual,EUR0,,,,7,CALM,,unobserved
emxn-telcoin,eMXN,,,,6,CALM,65,mixed
eurot-token-teknoloji,EUROT,,,,5,CALM,51,fallback
mxne-real-mxn,MXNe,,,,23,WATCH,59,primary
jpyt-dephaser,JPYT,,,,14,CALM,43,fallback
onyc-onre,ONyc,,56,C,,,52,primary
hbusdt-hyperbeat,hbUSDT,,53,C-,,,48,fallback
witry-brix,wiTRY,,50,C-,,,,unobserved
usdcx-movement,USDCx,,55,C,0,CALM,,unobserved
pgold-pleasing,PGOLD,,56,C,9,CALM,38,mixed
